symbol,entrez_id,match
SGO1,151648,primary
CD40LG,959,primary
MAFF,23764,primary
PIK3CA,5290,primary
ESR1,2099,primary
MAGI1,9223,primary
TSKU,25987,primary
PPP1CB,5500,primary
ACVR2A,92,primary
ERBIN,55914,primary
ZNF492,57615,primary
HDAC11,79885,primary
FAM170A,340069,primary
CFAP77,389799,primary
PRKCH,5583,primary
ETAA1,54465,primary
ITLN1,55600,primary
ADAMTS9,56999,primary
VGLL4,9686,primary
ANGEL1,23357,primary
NFATC3,4775,primary
RREB1,6239,primary
CCDC69,26112,primary
ZBTB20,26137,primary
BCL2L14,79370,primary
ADI1,55256,primary
CDH10,1008,primary
KLLN,100144748,primary
CUL2,8453,primary
GDAP1L1,78997,primary
CNTLN,54875,primary
GRIN2C,2905,primary
GRIPAP1,56850,primary
COG6,57511,primary
NUDT12,83594,primary
ERBB4,2066,primary
CGNL1,84952,primary
SYT10,341359,primary
ERLIN1,10613,primary
TM4SF4,7104,primary
MINK1,50488,primary
RGS16,6004,primary
PARP8,79668,primary
IFNAR1,3454,primary
RPS6KA5,9252,primary
SAYSD1,55776,primary
SYNDIG1,79953,primary
CAMK2G,818,primary
SHROOM3,57619,primary
COBLL1,22837,primary
PKNOX2,63876,primary
CD8A,925,primary
NAV1,89796,primary
GYS2,2998,primary
MTUS2,23281,primary
SORL1,6653,primary
NADK,65220,primary
EPRS1,2058,primary
GRIN2B,2904,primary
MAPK3,5595,primary
NDUFB4,4710,primary
PHTF2,57157,primary
TBL1XR1,79718,primary
SRPK2,6733,primary
CA5A,763,primary
ROBO2,6092,primary
ABTB3,121551,primary
CCK,885,primary
MBD5,55777,primary
SLC6A9,6536,primary
SNX11,29916,primary
GHRHR,2692,primary
TNFSF11,8600,primary
JUN,3725,primary
MAT1A,4143,primary
TNIK,23043,primary
EIF3M,10480,primary
RIT2,6014,primary
HSD17B12,51144,primary
SPRYD4,283377,primary
VPS8,23355,primary
NDUFB10,4716,primary
CHST1,8534,primary
BMPR1B,658,primary
CHRNA3,1136,primary
KLK11,11012,primary
EMC1,23065,primary
CABP1,9478,primary
FGFR3,2261,primary
CWC27,10283,primary
SLC35G2,80723,primary
SCT,6343,primary
PPP2R2C,5522,primary
KLF7,8609,primary
MANEA,79694,primary
STRN,6801,primary
BCKDHB,594,primary
LHX5,64211,primary
RASA2,5922,primary
IRX3,79191,primary
SCN2A,6326,primary
ARHGAP12,94134,primary
KLHL3,26249,primary
RAB3C,115827,primary
HEATR3,55027,primary
CEP68,23177,primary
KNOP1,400506,primary
SIGMAR1,10280,primary
FN3K,64122,primary
GAK,2580,primary
PJA1,64219,primary
F10,2159,primary
ADORA3,140,primary
CCDC59,29080,primary
STK33,65975,primary
CBLN4,140689,primary
BRI3,25798,primary
ST8SIA4,7903,primary
DCK,1633,primary
PAX4,5078,primary
BTRC,8945,primary
MCTP2,55784,primary
MGAT5,4249,primary
GCG,2641,primary
CDC123,8872,primary
SLC2A4RG,56731,primary
PLXNA2,5362,primary
GAD1,2571,primary
SIN3A,25942,primary
IFITM3,10410,primary
ARHGEF19,128272,primary
FABP2,2169,primary
MSH6,2956,primary
SEM1,7979,primary
SYCE1L,100130958,primary
SIM1,6492,primary
TMEM18,129787,primary
ELAVL2,1993,primary
TUBA1B,10376,primary
SP9,100131390,primary
CRB3,92359,primary
STUB1,10273,primary
CDC25C,995,primary
TOMM20L,387990,primary
TBX15,6913,primary
TMA16,55319,primary
IL2RA,3559,primary
NRXN3,9369,primary
PDCD4,27250,primary
PTH2R,5746,primary
ZNF268,10795,primary
DUSP10,11221,primary
CCDC71L,168455,primary
MGAT1,4245,primary
TNFAIP3,7128,primary
TEX15,56154,primary
SLC12A8,84561,primary
FAM114A2,10827,primary
FXYD2,486,primary
GSAP,54103,primary
CCDC92,80212,primary
MC3R,4159,primary
CCNL1,57018,primary
HTR1E,3354,primary
SLC18A2,6571,primary
PRR16,51334,primary
OMG,4974,primary
PTPRT,11122,primary
COP1,64326,primary
CDH11,1009,primary
MAP2K1,5604,primary
CDC25A,993,primary
SKI,6497,primary
WWTR1,25937,primary
NEIL1,79661,primary
C2CD4B,388125,primary
RPGRIP1L,23322,primary
DHTKD1,55526,primary
TENT5C,54855,primary
GMEB1,10691,primary
GP2,2813,primary
ISM1,140862,primary
MEF2C,4208,primary
PROSER1,80209,primary
NDUFB1,4707,primary
PPP2R2D,55844,primary
TP53,7157,primary
LYN,4067,primary
MARS2,92935,primary
HTR1B,3351,primary
TFAP2D,83741,primary
BBIP1,92482,primary
TLE3,7090,primary
BCL11B,64919,primary
TPK1,27010,primary
HCN4,10021,primary
NPPA,4878,primary
INTS8,55656,primary
EBF1,1879,primary
OPRD1,4985,primary
STARD10,10809,primary
HERC5,51191,primary
CPN1,1369,primary
CACNA1D,776,primary
PIK3C2G,5288,primary
TPRG1,285386,primary
ADRA1B,147,primary
HDAC9,9734,primary
MACF1,23499,primary
NDUFS6,4726,primary
SLC43A2,124935,primary
CD47,961,primary
PRKN,5071,primary
CDK2AP1,8099,primary
PTPN5,84867,primary
PLEKHM3,389072,primary
ST3GAL3,6487,primary
CXCL1,2919,primary
OPRK1,4986,primary
HSD17B10,3028,primary
GDF9,2661,primary
GPR6,2830,primary
MLKL,197259,primary
PALMD,54873,primary
TRIM66,9866,primary
ZNF239,8187,primary
NCKAP5,344148,primary
NPY,4852,primary
LCE3E,353145,primary
PTER,9317,primary
LEAP2,116842,primary
MNS1,55329,primary
GABRQ,55879,primary
SAMM50,25813,primary
IFT52,51098,primary
TPSAB1,7177,primary
KCNJ12,3768,primary
CELSR3,1951,primary
NPPB,4879,primary
NUS1,116150,primary
SNX8,29886,primary
SYT9,143425,primary
CBARP,255057,primary
MLXIPL,51085,primary
SF3B4,10262,primary
ADGRG4,139378,primary
TUBB,203068,primary
ADPGK,83440,primary
FAAH,2166,primary
NMUR2,56923,primary
RLF,6018,primary
MAN1C1,57134,primary
PMAIP1,5366,primary
AHCY,191,primary
SERPINE1,5054,primary
PAX2,5076,primary
ABCC5,10057,primary
LRRK2,120892,primary
IL19,29949,primary
SMIM30,401397,primary
DOCK3,1795,primary
ADCY9,115,primary
PLEKHM1,9842,primary
GPR65,8477,primary
SEC22A,26984,primary
CTNNBL1,56259,primary
CCDC18,343099,primary
KLHL21,9903,primary
INTS15,79034,primary
IRX5,10265,primary
APIP,51074,primary
ADORA1,134,primary
PLA2G7,7941,primary
TENM4,26011,primary
KLHL9,55958,primary
SLC2A4,6517,primary
SC5D,6309,primary
REL,5966,primary
NYAP2,57624,primary
ZFAND3,60685,primary
OCIAD2,132299,primary
EIF2S2,8894,primary
ZNF711,7552,primary
SKOR1,390598,primary
GCNT4,51301,primary
EML2,24139,primary
RAB27B,5874,primary
CDH8,1006,primary
SRRM1,10250,primary
PARVB,29780,primary
RSPO3,84870,primary
PHF6,84295,primary
CWH43,80157,primary
MT-ND6,4541,alias
FBXW7,55294,primary
KCNMA1,3778,primary
NPY2R,4887,primary
GABRP,2568,primary
AKT1,207,primary
ZNF710,374655,primary
EIPR1,7260,primary
APOA5,116519,primary
FRMD4A,55691,primary
EMSY,56946,primary
FABP1,2168,primary
ATRNL1,26033,primary
DEPDC5,9681,primary
ACP2,53,primary
HOXB7,3217,primary
ALPK1,80216,primary
PDE10A,10846,primary
BBS2,583,primary
HDAC2,3066,primary
PRLHR,2834,primary
MRGPRD,116512,primary
ADRA1D,146,primary
KCTD13,253980,primary
KCNG2,26251,primary
CEP78,84131,primary
KLK10,5655,primary
RAB29,8934,primary
LIME1,54923,primary
KIAA0825,285600,primary
ACTN1,87,primary
HTR1D,3352,primary
SPDYE18,100505767,primary
MAN2C1,4123,primary
CAMK4,814,primary
KCNJ8,3764,primary
GABRA3,2556,primary
BRD3OS,266655,primary
LDLRAD4,753,primary
PLCB3,5331,primary
FUBP1,8880,primary
ELP3,55140,primary
TUBA1A,7846,primary
CCDC107,203260,primary
FAM76B,143684,primary
STXBP5,134957,primary
ZBTB46,140685,primary
ATP1A2,477,primary
XDH,7498,primary
PIEZO1,9780,primary
HEY2,23493,primary
SOX6,55553,primary
ADA,100,primary
LY75,4065,primary
CDH9,1007,primary
FRG1,2483,primary
DNAJC14,85406,primary
SPDYE21,442572,primary
NBL1,4681,primary
KIF16B,55614,primary
LMO3,55885,primary
PTGES,9536,primary
TSPAN5,10098,primary
LAMA1,284217,primary
MST1R,4486,primary
VWC2,375567,primary
OPTC,26254,primary
ZNF654,55279,primary
MAD1L1,8379,primary
MARCHF2,51257,primary
RALGPS2,55103,primary
HIP1,3092,primary
MRPL11,65003,primary
CNNM2,54805,primary
HACE1,57531,primary
PPP1R13B,23368,primary
ADARB2,105,primary
MMP2,4313,primary
INPP4B,8821,primary
ESR2,2100,primary
ARAP1,116985,primary
SSBP2,23635,primary
PRDM13,59336,primary
LYPLA1,10434,primary
MAGI2,9863,primary
GABRA2,2555,primary
ARL15,54622,primary
C2CD4A,145741,primary
GRM5,2915,primary
SH2B1,25970,primary
ZC3H11C,441155,primary
PLCL2,23228,primary
GNAQ,2776,primary
MCTP1,79772,primary
RP1L1,94137,primary
ZNF746,155061,primary
POU5F2,134187,primary
SIRT3,23410,primary
LRRC40,55631,primary
DUSP2,1844,primary
EFCAB7,84455,primary
GCC1,79571,primary
ZC3H4,23211,primary
DIAPH3,81624,primary
PIK3C2B,5287,primary
TMED5,50999,primary
NDUFA1,4694,primary
MBNL1,4154,primary
ZNF506,440515,primary
ATAD1,84896,primary
CTLA4,1493,primary
NAV3,89795,primary
CFAP221,200373,primary
TIMP1,7076,primary
SIRT2,22933,primary
ADCY3,109,primary
ZNF765,91661,primary
SCN4A,6329,primary
EGR1,1958,primary
UBAP2,55833,primary
HPS1,3257,primary
BTBD7,55727,primary
DYNC1I2,1781,primary
GLRB,2743,primary
MYO5C,55930,primary
LINGO2,158038,primary
MAP2K5,5607,primary
NOL4,8715,primary
ABL1,25,primary
ZFHX3,463,primary
CCN5,8839,primary
PLA2G2F,64600,primary
CELSR1,9620,primary
CD36,948,primary
NEUROD1,4760,primary
AFF3,3899,primary
ODAPH,152816,primary
PDE1B,5153,primary
CEBPB,1051,primary
GGT1,2678,primary
PLEKHG1,57480,primary
BLTP3A,54887,primary
NFIB,4781,primary
PRDM15,63977,primary
GABRA1,2554,primary
VPS37D,155382,primary
CASP5,838,primary
SLC35B3,51000,primary
CENPO,79172,primary
NDUFAF2,91942,primary
NTAN1,123803,primary
NUCB2,4925,primary
HGF,3082,primary
IGFBP7,3490,primary
FOXP2,93986,primary
SCG3,29106,primary
RASGRP1,10125,primary
TRPM3,80036,primary
EFNA5,1946,primary
PIM3,415116,primary
PUS10,150962,primary
GRB14,2888,primary
ARID2,196528,primary
BIRC5,332,primary
NR3C1,2908,primary
SNRNP35,11066,primary
TMTC2,160335,primary
QNG1,84267,primary
CASP6,839,primary
RDH14,57665,primary
GPR45,11250,primary
AHR,196,primary
FOSB,2354,primary
MINDY1,55793,primary
GATAD2A,54815,primary
PPP1R3B,79660,primary
FAM13A,10144,primary
BBS10,79738,primary
NDUFB11,54539,primary
FADS2,9415,primary
ARHGAP42,143872,primary
PTPRQ,374462,primary
TBCE,6905,primary
ADK,132,primary
LDLRAD2,401944,primary
SOD1,6647,primary
PRPH2,5961,primary
KCNH2,3757,primary
HMGA1,3159,primary
SNTG2,54221,primary
HDAC8,55869,primary
SEC23IP,11196,primary
JAKMIP1,152789,primary
AP3M1,26985,primary
IGFBP2,3485,primary
LINGO1,84894,primary
C1orf56,54964,primary
ZFPM2,23414,primary
TMEM150C,441027,primary
MTRF1L,54516,primary
PRSS3,5646,primary
AR,367,primary
ZNF608,57507,primary
CSDC2,27254,primary
PANK4,55229,primary
CHD1L,9557,primary
TNKS2,80351,primary
EDNRA,1909,primary
NPY5R,4889,primary
USP44,84101,primary
SMIM38,107984345,primary
HTR4,3360,primary
RAMP1,10267,primary
ABCB5,340273,primary
SETD5,55209,primary
ANKS1B,56899,primary
SP5,389058,primary
MAU2,23383,primary
HSPB7,27129,primary
SPP1,6696,primary
IFT38,23059,alias
CBR1,873,primary
LONRF1,91694,primary
SIRPA,140885,primary
GOT1,2805,primary
GIGYF2,26058,primary
CLIP4,79745,primary
DNM1,1759,primary
IGFBP3,3486,primary
ERN1,2081,primary
GCLC,2729,primary
ST6GAL1,6480,primary
FAM120B,84498,primary
MAN1A1,4121,primary
GHR,2690,primary
AGER,177,primary
CSGALNACT1,55790,primary
ASXL1,171023,primary
STARD13,90627,primary
MIF,4282,primary
KIF20B,9585,primary
ENPP2,5168,primary
ZNF676,163223,primary
ENAH,55740,primary
ZFHX4,79776,primary
CEMIP,57214,primary
CALR,811,primary
RPS6KB1,6198,primary
WDR17,116966,primary
SYT14,255928,primary
LRMDA,83938,primary
MBL2,4153,primary
BLID,414899,primary
CYSTM1,84418,primary
DRD3,1814,primary
PXDN,7837,primary
GPX4,2879,primary
ILRUN,64771,primary
LIPJ,142910,primary
TNRC6C,57690,primary
RIGI,23586,primary
TMEM244,253582,primary
EGR2,1959,primary
AGA,175,primary
CCDC74A,90557,primary
ARHGEF39,84904,primary
DMD,1756,primary
GRID2,2895,primary
RRN3,54700,primary
SERPINA12,145264,primary
CDIN1,84529,primary
TMEM266,123591,primary
MPPED2,744,primary
RAB19,401409,primary
NDUFAF1,51103,primary
FZD4,8322,primary
CFAP58,159686,primary
NOSTRIN,115677,primary
ACLY,47,primary
IL10RB,3588,primary
PLEKHM2,23207,primary
KIF6,221458,primary
SALL3,27164,primary
SCN10A,6336,primary
DOCK7,85440,primary
CDK5RAP3,80279,primary
NR1D1,9572,primary
FGF5,2250,primary
PRDX6,9588,primary
MSANTD2,79684,primary
RGS7,6000,primary
HIVEP3,59269,primary
SWAP70,23075,primary
FGD5,152273,primary
GCGR,2642,primary
TUBA3C,7278,primary
MRAP2,112609,primary
ALDH1A2,8854,primary
MAPK4,5596,primary
ADRB3,155,primary
CAMTA1,23261,primary
ACADS,35,primary
BDNF,627,primary
ATP4B,496,primary
MYL7,58498,primary
CCDC171,203238,primary
NNMT,4837,primary
OXTR,5021,primary
CYP1B1,1545,primary
ADRB2,154,primary
PTGS1,5742,primary
GRK5,2869,primary
NUFIP2,57532,primary
SLC6A2,6530,primary
ANAPC4,29945,primary
ZC3H11B,643136,primary
CPNE8,144402,primary
JPH2,57158,primary
SCARB2,950,primary
RAB6C,84084,primary
APOE,348,primary
GRIN2D,2906,primary
MCF2L2,23101,primary
TPCN2,219931,primary
NKIRAS1,28512,primary
TRHDE,29953,primary
ARHGAP36,158763,primary
DPYD,1806,primary
SFMBT1,51460,primary
PCLO,27445,primary
STK35,140901,primary
EML5,161436,primary
SEPTIN8,23176,primary
CD24,100133941,primary
NRXN1,9378,primary
IQSEC1,9922,primary
TSSK1B,83942,primary
PSRC1,84722,primary
DCSTAMP,81501,primary
TET1,80312,primary
ATP11B,23200,primary
WNK1,65125,primary
LEP,3952,primary
DNAH10,196385,primary
OR4C45,403257,primary
DDX52,11056,primary
ARNT2,9915,primary
NDUFC1,4717,primary
NAMPT,10135,primary
STMN2,11075,primary
GSE1,23199,primary
MTNR1A,4543,primary
LIG4,3981,primary
CHMP2B,25978,primary
CNGA1,1259,primary
EFNB1,1947,primary
SLC16A14,151473,primary
DPP10,57628,primary
PDE1A,5136,primary
PTPDC1,138639,primary
PKD1L3,342372,primary
RAMP2,10266,primary
PDGFC,56034,primary
DNASE2,1777,primary
SAXO1,158297,primary
FRRS1L,23732,primary
RPL15,6138,primary
JAG1,182,primary
FAF1,11124,primary
CASP7,840,primary
POU5F1B,5462,primary
DEUP1,159989,primary
SORBS2,8470,primary
INPP5D,3635,primary
SNAI1,6615,primary
BUD13,84811,primary
BEND3,57673,primary
SSTR4,6754,primary
CFAP69,79846,primary
ZNF799,90576,primary
MOB1B,92597,primary
CASTOR2,729438,primary
THBS1,7057,primary
GPD2,2820,primary
MNX1,3110,primary
SGSM3,27352,primary
YAP1,10413,primary
PITPNC1,26207,primary
ARFRP1,10139,primary
EIF3H,8667,primary
PPP2R5A,5525,primary
PTGS2,5743,primary
CCDC62,84660,primary
IL23A,51561,primary
CD14,929,primary
PSTPIP1,9051,primary
CACNG5,27091,primary
DMRTA2,63950,primary
SV2A,9900,primary
ZBTB7C,201501,primary
GBF1,8729,primary
CHORDC1,26973,primary
ERICH1,157697,primary
H1-7,341567,primary
RNF217,154214,primary
PRMT6,55170,primary
GABRB1,2560,primary
ZC3H15,55854,primary
HIF1A,3091,primary
RFTN2,130132,primary
TUBG2,27175,primary
PITPNM2,57605,primary
UGGT2,55757,primary
DRC1,92749,primary
TNRC18,84629,primary
NDUFAF6,137682,primary
ATP2A2,488,primary
BCL2,596,primary
FOXK1,221937,primary
POU6F2,11281,primary
AOPEP,84909,primary
KIDINS220,57498,primary
DLG5,9231,primary
LAMB1,3912,primary
POU4F1,5457,primary
MICAL3,57553,primary
KBTBD8,84541,primary
DHRS11,79154,primary
SCAPER,49855,primary
CHADL,150356,primary
MYO19,80179,primary
MLX,6945,primary
IL9,3578,primary
JMJD7,100137047,primary
HECTD4,283450,primary
ZCCHC4,29063,primary
HOXB5,3215,primary
SELENBP1,8991,primary
TNNI3K,51086,primary
HS6ST3,266722,primary
RABGAP1,23637,primary
RTL1,388015,primary
SLC41A1,254428,primary
MGAM,8972,primary
BNIPL,149428,primary
RBFOX1,54715,primary
TNF,7124,primary
RAMP3,10268,primary
UBASH3A,53347,primary
SHOC2,8036,primary
IFI30,10437,primary
FOCAD,54914,primary
APMAP,57136,primary
TRAPPC9,83696,primary
GRM7,2917,primary
USP36,57602,primary
PRPS1L1,221823,primary
MRPL52,122704,primary
ICOS,29851,primary
CDH7,1005,primary
PDE6C,5146,primary
PHACTR4,65979,primary
PDCD1,5133,primary
AMH,268,primary
MFAP3,4238,primary
SETBP1,26040,primary
TBX6,6911,primary
CSMD2,114784,primary
SLC4A1,6521,primary
DUSP9,1852,primary
ASCL1,429,primary
KRR1,11103,primary
PLCG2,5336,primary
TPSD1,23430,primary
THBS2,7058,primary
ABHD17C,58489,primary
MST1,4485,primary
NALF1,728215,primary
SNX7,51375,primary
TMEM81,388730,primary
CHUK,1147,primary
RFX6,222546,primary
PARP11,57097,primary
HNF4A,3172,primary
HNF1B,6928,primary
BHLHE22,27319,primary
CYP11B2,1585,primary
IL17RB,55540,primary
POMC,5443,primary
PML,5371,primary
BBS9,27241,primary
SCN7A,6332,primary
L3MBTL3,84456,primary
IRS2,8660,primary
GAST,2520,primary
LYRM4,57128,primary
ITGA1,3672,primary
TMEM161B,153396,primary
SLC6A1,6529,primary
COL13A1,1305,primary
ZNF100,163227,primary
JADE2,23338,primary
TH,7054,primary
SETD2,29072,primary
TBL2,26608,primary
PRTN3,5657,primary
ZFYVE28,57732,primary
NMI,9111,primary
PDE5A,8654,primary
BTBD1,53339,primary
LRTM1,57408,primary
DMRTA1,63951,primary
MTNR1B,4544,primary
IL27,246778,primary
PIGX,54965,primary
PGRMC2,10424,primary
PGR,5241,primary
FOXG1,2290,primary
CELF4,56853,primary
GABRG3,2567,primary
COXFA4L2,56901,primary
SNRPC,6631,primary
MRPS15,64960,primary
SDCCAG8,10806,primary
MYCN,4613,primary
MDFIC,29969,primary
GFRAL,389400,primary
IFIH1,64135,primary
MAP3K8,1326,primary
GOLM1,51280,primary
BOLL,66037,primary
NGF,4803,primary
ERAP1,51752,primary
HACD2,201562,primary
OPCML,4978,primary
GPC6,10082,primary
GRP,2922,primary
TMPO,7112,primary
CHMP4B,128866,primary
ID4,3400,primary
STEAP1,26872,primary
VPS53,55275,primary
NDUFA2,4695,primary
EIF2B4,8890,primary
PRSS27,83886,primary
KCNK17,89822,primary
CRP,1401,primary
PCSK6,5046,primary
ZFAND6,54469,primary
CASP12,100506742,primary
CHMP3,51652,primary
MEMO1,51072,primary
BMPER,168667,primary
ACSL1,2180,primary
BSN,8927,primary
CRTC1,23373,primary
DSTYK,25778,primary
GALNT2,2590,primary
CADPS2,93664,primary
GPRC5B,51704,primary
ZNF729,100287226,primary
SNTB1,6641,primary
CASP14,23581,primary
CASP9,842,primary
SSTR1,6751,primary
SMCO4,56935,primary
RANBP17,64901,primary
C9orf72,203228,primary
IGF2BP3,10643,primary
ACHE,43,primary
CADM2,253559,primary
NAA15,80155,primary
FFAR4,338557,primary
SHANK2,22941,primary
IRF3,3661,primary
EXT1,2131,primary
TMEM60,85025,primary
SNAPC2,6618,primary
MTHFR,4524,primary
TMEM144,55314,primary
ZNF618,114991,primary
EN1,2019,primary
AP3B2,8120,primary
ANKH,56172,primary
NDST4,64579,primary
CPQ,10404,primary
USP49,25862,primary
ADAMTS16,170690,primary
MTCL1,23255,primary
NDUFAF4,29078,primary
ZNF281,23528,primary
G6PC2,57818,primary
RAB5B,5869,primary
CREB1,1385,primary
INS,3630,primary
SRM,6723,primary
CACNA1S,779,primary
RUNX1T1,862,primary
TBX21,30009,primary
ZNF703,80139,primary
PARD3B,117583,primary
DLEU7,220107,primary
PDE3B,5140,primary
ICE2,79664,primary
AVL9,23080,primary
RNASEL,6041,primary
UGT1A1,54658,primary
PGM1,5236,primary
SHH,6469,primary
SGCB,6443,primary
ARL6IP6,151188,primary
VPS26A,9559,primary
TIMP3,7078,primary
CFD,1675,primary
ALDH2,217,primary
PAPLN,89932,primary
GPR119,139760,primary
POC5,134359,primary
GPR21,2844,primary
GLIS3,169792,primary
KCNH7,90134,primary
SETD1A,9739,primary
PCNT,5116,primary
GLP2R,9340,primary
FARSA,2193,primary
SST,6750,primary
CEBPG,1054,primary
PC,5091,primary
CA2,760,primary
MKS1,54903,primary
LMTK2,22853,primary
TTI2,80185,primary
NPC2,10577,primary
NDUFA6,4700,primary
PNLIP,5406,primary
IL18,3606,primary
DYRK2,8445,primary
OTUD7A,161725,primary
RABGAP1L,9910,primary
MPV17L2,84769,primary
ELFN1,392617,primary
ARL14,80117,primary
SOD3,6649,primary
ADAMTSL3,57188,primary
GOLIM4,27333,primary
BBS5,129880,primary
PAPPA,5069,primary
HTR1F,3355,primary
MAPK8IP1,9479,primary
KLF14,136259,primary
RRAS2,22800,primary
NCR3LG1,374383,primary
SQOR,58472,primary
TTC3,7267,primary
NOBOX,135935,primary
SLC26A5,375611,primary
GINS2,51659,primary
REEP3,221035,primary
ASIP,434,primary
NDUFA5,4698,primary
MYL2,4633,primary
RALY,22913,primary
PRDM5,11107,primary
GRIK1,2897,primary
BARX1,56033,primary
PDK2,5164,primary
EFEMP2,30008,primary
CYP17A1,1586,primary
LMOD2,442721,primary
MEOX2,4223,primary
WIPI1,55062,primary
NELL1,4745,primary
HMG20A,10363,primary
SLC39A11,201266,primary
CADPS,8618,primary
SH2D4B,387694,primary
USP1,7398,primary
CABP4,57010,primary
NFAT5,10725,primary
METTL3,56339,primary
SLIT1,6585,primary
ANGPTL6,83854,primary
IGSF21,84966,primary
EMID1,129080,primary
DCT,1638,primary
SH3BGRL3,83442,primary
LMOD1,25802,primary
BCL2L11,10018,primary
PPP6R3,55291,primary
SESN3,143686,primary
NF1,4763,primary
USP48,84196,primary
B3GLCT,145173,primary
ITIH2,3698,primary
PDLIM5,10611,primary
AS3MT,57412,primary
GSTO1,9446,primary
IMMP2L,83943,primary
PEX2,5828,primary
PRMT8,56341,primary
PPP1R1C,151242,primary
ARFGEF2,10564,primary
SAE1,10055,primary
ATP2B1,490,primary
GPR139,124274,primary
CAGE1,285782,primary
GALNT10,55568,primary
ANXA1,301,primary
KDM4E,390245,primary
GUCY1A1,2982,primary
POLD2,5425,primary
GUCY1A2,2977,primary
LIN7A,8825,primary
CCER1,196477,primary
ACE,1636,primary
TIMM17A,10440,primary
AFAP1,60312,primary
SFI1,9814,primary
JARID2,3720,primary
INAFM2,100505573,primary
DCAF7,10238,primary
CBFA2T3,863,primary
UNC45A,55898,primary
EMB,133418,primary
RAD54B,25788,primary
HYOU1,10525,primary
RBM6,10180,primary
CAMKK2,10645,primary
CDK8,1024,primary
WNT7B,7477,primary
RELN,5649,primary
CACNA1C,775,primary
ADGRB2,576,primary
PLIN2,123,primary
CDKN1A,1026,primary
PCSK1,5122,primary
RTN4RL1,146760,primary
NFKB1,4790,primary
SORT1,6272,primary
PM20D1,148811,primary
NSRP1,84081,primary
KCNB2,9312,primary
NDUFS4,4724,primary
PYY,5697,primary
VPS33B,26276,primary
CTRB2,440387,primary
GMDS,2762,primary
INHBB,3625,primary
LTBP3,4054,primary
NADK2,133686,primary
SERTAD4,56256,primary
CGREF1,10669,primary
TNKS,8658,primary
PLEKHH2,130271,primary
ASCL2,430,primary
VEGFB,7423,primary
SLC7A7,9056,primary
CIT,11113,primary
FGFR4,2264,primary
FASN,2194,primary
JAKMIP3,282973,primary
GTF3A,2971,primary
MUC13,56667,primary
PDE4A,5141,primary
ST18,9705,primary
ZNF385D,79750,primary
ZNF208,7757,primary
MED23,9439,primary
TEAD3,7005,primary
SI,6476,primary
KRABD3,84626,primary
TRAPPC11,60684,primary
PABPC4,8761,primary
MAP3K1,4214,primary
DNASE1L3,1776,primary
ADCY1,107,primary
TPH2,121278,primary
HTR5A,3361,primary
SGCG,6445,primary
EIF4E3,317649,primary
KCNK16,83795,primary
TENM2,57451,primary
BAK1,578,primary
GALNT17,64409,primary
PTPRR,5801,primary
XXYLT1,152002,primary
NPIPB15,440348,primary
ZNF778,197320,primary
PDE6A,5145,primary
RECQL,5965,primary
HFM1,164045,primary
GUCY1B1,2983,primary
BEND5,79656,primary
CREBBP,1387,primary
WSCD2,9671,primary
GLI2,2736,primary
CMC1,152100,primary
IL20RA,53832,primary
NDUFAF8,284184,primary
CYP4B1,1580,primary
VEGFA,7422,primary
GNAS,2778,primary
TSPAN32,10077,primary
PCM1,5108,primary
COPZ2,51226,primary
CYP11A1,1583,primary
IGF2R,3482,primary
PPP1R3A,5506,primary
SPDYE17,102723849,primary
SH3BP5,9467,primary
TPO,7173,primary
APOBR,55911,primary
IRF7,3665,primary
FSHR,2492,primary
NOS1,4842,primary
WDR11,55717,primary
ZRANB3,84083,primary
ZNF708,7562,primary
PHF13,148479,primary
PIN1,5300,primary
ZZEF1,23140,primary
SMARCC1,6599,primary
BBS7,55212,primary
PHF21A,51317,primary
TANK,10010,primary
ICE1,23379,primary
DGKE,8526,primary
ATG16L1,55054,primary
SV2B,9899,primary
PDX1,3651,primary
ADRA1A,148,primary
MON2,23041,primary
GABRE,2564,primary
ZNF236,7776,primary
LRRTM3,347731,primary
PTPRJ,5795,primary
HP,3240,primary
YWHAZ,7534,primary
ABCG1,9619,primary
DNAH12,201625,primary
DDC,1644,primary
RNF34,80196,primary
ATXN7,6314,primary
LARP4B,23185,primary
C16orf78,123970,primary
ASGR1,432,primary
HMBS,3145,primary
CEP120,153241,primary
TMEM176B,28959,primary
MTOR,2475,primary
EXOC3L4,91828,primary
NEGR1,257194,primary
PDE6D,5147,primary
FNDC5,252995,primary
KDM4B,23030,primary
DNAJC2,27000,primary
RNF122,79845,primary
PCDH9,5101,primary
SLC15A1,6564,primary
PTPN9,5780,primary
GATA4,2626,primary
GATA6,2627,primary
LYPD6B,130576,primary
CDKN2B,1030,primary
MTUS1,57509,primary
QSOX2,169714,primary
LYZL2,119180,primary
NUDC,10726,primary
NKX6-1,4825,primary
GTF2IRD1,9569,primary
HMHB1,57824,primary
GPBP1L1,60313,primary
NAT8,9027,primary
PAFAH1B2,5049,primary
LHX2,9355,primary
CCNE1,898,primary
RWDD4,201965,primary
DHX30,22907,primary
RBMS3,27303,primary
CD320,51293,primary
MTRFR,91574,primary
MLLT3,4300,primary
SOX4,6659,primary
SEC16B,89866,primary
CNTN5,53942,primary
NEIL2,252969,primary
HTR6,3362,primary
QRFPR,84109,primary
DLGAP1,9229,primary
POLK,51426,primary
MLDHR,133834869,primary
SLC39A14,23516,primary
BAG5,9529,primary
GABRB2,2561,primary
ABCA1,19,primary
BMP8A,353500,primary
AUTS2,26053,primary
ESRP1,54845,primary
XRRA1,143570,primary
YBX1,4904,primary
ANKDD1B,728780,primary
MALRD1,340895,primary
FAS,355,primary
GINS4,84296,primary
FSTL1,11167,primary
FRK,2444,primary
CYP19A1,1588,primary
FBRSL1,57666,primary
RBMS1,5937,primary
TBC1D7,51256,primary
SOCS2,8835,primary
SNX17,9784,primary
PON1,5444,primary
MCHR2,84539,primary
DPP4,1803,primary
CETP,1071,primary
BMERB1,89927,primary
ZNF891,101060200,primary
UBE2W,55284,primary
NCKIPSD,51517,primary
SOST,50964,primary
TFEB,7942,primary
TP53INP1,94241,primary
BAZ1B,9031,primary
SNAP25,6616,primary
HSPA4,3308,primary
COL11A1,1301,primary
LPA,4018,primary
IL17REL,400935,primary
SORCS2,57537,primary
OSER1,51526,primary
ABO,28,primary
GDNF,2668,primary
KAT8,84148,primary
GSK3B,2932,primary
SCN3A,6328,primary
DIDO1,11083,primary
BNC2,54796,primary
SAXO2,283726,primary
EEPD1,80820,primary
LSM5,23658,primary
ROCK1,6093,primary
LPGAT1,9926,primary
PDIA3,2923,primary
USP38,84640,primary
NFKBIA,4792,primary
ZCCHC7,84186,primary
GNRHR,2798,primary
VRK2,7444,primary
PIAS4,51588,primary
SSBP3,23648,primary
BAIAP2L2,80115,primary
LRRC53,105378803,primary
UNC5D,137970,primary
KLF8,11279,primary
BRAF,673,primary
TCF3,6929,primary
HIVEP1,3096,primary
SPIN4,139886,primary
RNF138,51444,primary
MAPK8,5599,primary
LIPK,643414,primary
C1QTNF1,114897,primary
CDKN2A,1029,primary
TM6SF1,53346,primary
STK17B,9262,primary
LANCL2,55915,primary
RPTOR,57521,primary
NDUFB7,4713,primary
ZNF362,149076,primary
TMEM135,65084,primary
NDUFB2,4708,primary
GLRA1,2741,primary
TBCD,6904,primary
ZNF469,84627,primary
RAB2B,84932,primary
NFXL1,152518,primary
TFEC,22797,primary
NCAM1,4684,primary
ITGA11,22801,primary
PSMA3,5684,primary
CRYBA2,1412,primary
RERE,473,primary
IQCH,64799,primary
HNF1A,6927,primary
LEPR,3953,primary
CA10,56934,primary
TSEN2,80746,primary
SMAD3,4088,primary
PDE4B,5142,primary
ULK4,54986,primary
STK24,8428,primary
ALG10B,144245,primary
TLR2,7097,primary
AMY2A,279,primary
MEG3,55384,primary
MAPKBP1,23005,primary
SH2B3,10019,primary
BBS4,585,primary
IDO1,3620,primary
KCNK3,3777,primary
RAB3GAP1,22930,primary
HEG1,57493,primary
STING1,340061,primary
MUC1,4582,primary
SRGAP2,23380,primary
WWOX,51741,primary
MAP2K7,5609,primary
TET2,54790,primary
SNX10,29887,primary
NKX6-3,157848,primary
SGSM1,129049,primary
NFIL3,4783,primary
MCAM,4162,primary
DACH1,1602,primary
PHACTR1,221692,primary
TUBB4A,10382,primary
BAZ2B,29994,primary
DCUN1D4,23142,primary
SYN2,6854,primary
ELAVL4,1996,primary
PLA2G10,8399,primary
WBP2,23558,primary
PTPRM,5797,primary
CENPC,1060,primary
SSR2,6746,primary
RBM17,84991,primary
CRY2,1408,primary
KCTD9,54793,primary
TUBB8,347688,primary
CACNA1F,778,primary
SLC6A4,6532,primary
CDKN2C,1031,primary
LRRC10B,390205,primary
RTN4,57142,primary
TNFSF12,8742,primary
GRM4,2914,primary
CAPZA1,829,primary
ZXDA,7789,primary
CNTN4,152330,primary
NT5C1B,93034,primary
OLFM2,93145,primary
SCARB1,949,primary
ADAMTS18,170692,primary
OLA1,29789,primary
PAX5,5079,primary
RERGL,79785,primary
SLC67A1,5002,primary
CHD4,1108,primary
CENPE,1062,primary
METTL25,84190,primary
CELF1,10658,primary
CYBB,1536,primary
TMTC1,83857,primary
IRF2BPL,64207,primary
CCM2,83605,primary
PDE7B,27115,primary
AOC1,26,primary
ANGPTL4,51129,primary
PINX1,54984,primary
SERPINB2,5055,primary
RSBN1L,222194,primary
GGNBP2,79893,primary
SCTR,6344,primary
NSUN3,63899,primary
FCHSD2,9873,primary
NTRK2,4915,primary
SEMA6D,80031,primary
CTSH,1512,primary
GABRD,2563,primary
GPT,2875,primary
PLA2G6,8398,primary
TRMT61A,115708,primary
PTPN22,26191,primary
RND1,27289,primary
RBL2,5934,primary
CD163,9332,primary
CRYBA1,1411,primary
KCTD8,386617,primary
SMCO2,341346,primary
HECW1,23072,primary
ANKRD28,23243,primary
ATF3,467,primary
CARTPT,9607,primary
ANK1,286,primary
NREP,9315,primary
THUMPD3,25917,primary
KPNA2,3838,primary
TTC8,123016,primary
CYTL1,54360,primary
SOCS5,9655,primary
PRICKLE2,166336,primary
BHMT,635,primary
TAX1BP1,8887,primary
PEMT,10400,primary
THRB,7068,primary
ZFP36L2,678,primary
CHEK2,11200,primary
FSHB,2488,primary
C22orf42,150297,primary
PHF8,23133,primary
RBM19,9904,primary
ACAD9,28976,primary
RARB,5915,primary
SNX13,23161,primary
GCA,25801,primary
MVP,9961,primary
LDHB,3945,primary
SATB1,6304,primary
S100A9,6280,primary
SLC32A1,140679,primary
RAB11B,9230,primary
DGLUCY,80017,primary
SIDT1,54847,primary
SMARCAD1,56916,primary
BCL11A,53335,primary
RGMA,56963,primary
CCNE2,9134,primary
IGIP,492311,primary
LIPC,3990,primary
XRCC3,7517,primary
IL1R1,3554,primary
CFAP299,255119,primary
IL12B,3593,primary
THSD7B,80731,primary
NDUFS5,4725,primary
NUDT5,11164,primary
ASTN2,23245,primary
PMFBP1,83449,primary
KLK3,354,primary
RAB30,27314,primary
MMP9,4318,primary
SLC16A11,162515,primary
COMT,1312,primary
FOXA2,3170,primary
ARL14EP,120534,primary
KLHL42,57542,primary
UBE2E1,7324,primary
OLIG3,167826,primary
ETS1,2113,primary
CST3,1471,primary
ATP5F1E,514,primary
C3orf70,285382,primary
CGGBP1,8545,primary
PI16,221476,primary
UCMA,221044,primary
MALAT1,378938,primary
PCCB,5096,primary
ATP13A2,23400,primary
TAF8,129685,primary
COXFA4,4697,primary
TNFRSF11A,8792,primary
RPS11,6205,primary
BUB3,9184,primary
DRD4,1815,primary
ACOT12,134526,primary
SIRT6,51548,primary
CTNNA3,29119,primary
VPS11,55823,primary
VAMP3,9341,primary
NDUFA8,4702,primary
ARID1B,57492,primary
EMILIN2,84034,primary
SND1,27044,primary
TOP1,7150,primary
DNAH8,1769,primary
KIT,3815,primary
BCL6,604,primary
ZSWIM6,57688,primary
RNLS,55328,primary
SEMA3D,223117,primary
NBEAL2,23218,primary
TYROBP,7305,primary
MEF2D,4209,primary
SERGEF,26297,primary
KDM2B,84678,primary
DNAH7,56171,primary
LRP12,29967,primary
ITGB6,3694,primary
COASY,80347,primary
ZNHIT3,9326,primary
GRIA1,2890,primary
IFNLR1,163702,primary
NTN1,9423,primary
ID2,3398,primary
STAP1,26228,primary
COG2,22796,primary
CCDC3,83643,primary
CYP11B1,1584,primary
RPL37A,6168,primary
IGSF1,3547,primary
SERPINB10,5273,primary
DDI1,414301,primary
SPATA19,219938,primary
ZNF723,646864,primary
PLCL1,5334,primary
POLG,5428,primary
PGS1,9489,primary
SCD,6319,primary
UVSSA,57654,primary
DNAH17,8632,primary
SRA1,10011,primary
MXD3,83463,primary
STAT3,6774,primary
LIN7C,55327,primary
CHRNE,1145,primary
RRM2B,50484,primary
TREM2,54209,primary
SKIDA1,387640,primary
PTPN2,5771,primary
MIB1,57534,primary
GAS6,2621,primary
WNT6,7475,primary
ZNF169,169841,primary
CTNNB1,1499,primary
GPR101,83550,primary
RAP1GAP,5909,primary
PREX1,57580,primary
ETV6,2120,primary
MFAP2,4237,primary
COPB1,1315,primary
RB1,5925,primary
STK11,6794,primary
MCM6,4175,primary
CEP15,57415,primary
GRB10,2887,primary
CERS6,253782,primary
CITED2,10370,primary
THY1,7070,primary
PTGFRN,5738,primary
PATJ,10207,primary
PPP1R21,129285,primary
LGSN,51557,primary
KBTBD4,55709,primary
FBXO11,80204,primary
SMARCA2,6595,primary
ZFPM1,161882,primary
DDHD2,23259,primary
ART3,419,primary
HK1,3098,primary
CD79A,973,primary
NPBWR2,2832,primary
ATP6V1G3,127124,primary
HSPA5,3309,primary
COL25A1,84570,primary
CDYL2,124359,primary
LPP,4026,primary
DNLZ,728489,primary
IL23R,149233,primary
HTR2A,3356,primary
TNFSF4,7292,primary
SH3GL2,6456,primary
CISD2,493856,primary
TLX3,30012,primary
SYNM,23336,primary
LHFPL3,375612,primary
DCAF5,8816,primary
AIF1,199,primary
SESTD1,91404,primary
CDK5,1020,primary
ETV5,2119,primary
HMGCR,3156,primary
SSR3,6747,primary
RPL10L,140801,primary
OBI1,79596,primary
TBC1D5,9779,primary
HTR3D,200909,primary
OLFM4,10562,primary
COL27A1,85301,primary
PTPRG,5793,primary
NSD1,64324,primary
PHLDA1,22822,primary
TAL1,6886,primary
ALG2,85365,primary
FIGN,55137,primary
TFPI,7035,primary
MRPL38,64978,primary
ATP2A3,489,primary
ACO1,48,primary
RFX4,5992,primary
RPL22L1,200916,primary
NFAM1,150372,primary
SOS2,6655,primary
SP8,221833,primary
HPSE2,60495,primary
ACOD1,730249,primary
HTR2C,3358,primary
P2RY12,64805,primary
F2RL1,2150,primary
MMP13,4322,primary
KDM5A,5927,primary
WT1,7490,primary
LPL,4023,primary
GAP43,2596,primary
FRAT2,23401,primary
SIX4,51804,primary
SRRM2,23524,primary
RNF43,54894,primary
RASGRF1,5923,primary
BMF,90427,primary
TRIM37,4591,primary
PPL,5493,primary
ZNRF3,84133,primary
RYR2,6262,primary
RSBN1,54665,primary
TBC1D21,161514,primary
RSRC1,51319,primary
DLG2,1740,primary
ATP1B2,482,primary
MECP2,4204,primary
GSTM1,2944,primary
ADCY5,111,primary
C11orf58,10944,primary
PROS1,5627,primary
UBASH3B,84959,primary
SFRP5,6425,primary
GRIN3A,116443,primary
LDLR,3949,primary
ADAP2,55803,primary
LRRC4B,94030,primary
MERTK,10461,primary
RBM43,375287,primary
SHOX2,6474,primary
UBN1,29855,primary
BBS12,166379,primary
AGTR2,186,primary
ONECUT1,3175,primary
MTFR1,9650,primary
KCNS2,3788,primary
RPLP1,6176,primary
RNASEH2B,79621,primary
NDRG4,65009,primary
SLCO3A1,28232,primary
TYW1,55253,primary
SGK1,6446,primary
NDUFS3,4722,primary
IL13,3596,primary
GSTP1,2950,primary
SYT4,6860,primary
FBP1,2203,primary
GRIA2,2891,primary
NFATC1,4772,primary
NTNG1,22854,primary
DGAT2,84649,primary
HERC1,8925,primary
TRA2B,6434,primary
ERCC4,2072,primary
AOAH,313,primary
INPP5F,22876,primary
FAM53A,152877,primary
PFKFB3,5209,primary
FOS,2353,primary
SLC24A3,57419,primary
APPL1,26060,primary
EXOC4,60412,primary
SEPTIN14,346288,primary
KIF5C,3800,primary
HSD17B13,345275,primary
WFDC5,149708,primary
TINAG,27283,primary
ADARB1,104,primary
NLRP3,114548,primary
AFG2A,166378,primary
ZNF800,168850,primary
ENO4,387712,primary
GOLGA3,2802,primary
FEZF1,389549,primary
FGFRL1,53834,primary
PTBP2,58155,primary
TSHZ2,128553,primary
BAIAP3,8938,primary
FDFT1,2222,primary
IGF1R,3480,primary
NOD2,64127,primary
DGKD,8527,primary
CEP192,55125,primary
PLA2G4B,100137049,primary
NR1H3,10062,primary
CMIP,80790,primary
CNTN2,6900,primary
FGL1,2267,primary
THUMPD2,80745,primary
VAV2,7410,primary
NDUFA11,126328,primary
SBF2,81846,primary
FCGRT,2217,primary
DTX2,113878,primary
RBBP5,5929,primary
LIN28A,79727,primary
GRID1,2894,primary
NRG1,3084,primary
VDR,7421,primary
LIPH,200879,primary
OAS3,4940,primary
FOXO1,2308,primary
PDHB,5162,primary
REG3A,5068,primary
DTNB,1838,primary
RAB24,53917,primary
PCSK2,5126,primary
IRS1,3667,primary
DYRK3,8444,primary
SPOCK1,6695,primary
ARMS2,387715,primary
PLPP5,84513,primary
CENPW,387103,primary
PSMD6,9861,primary
SNX19,399979,primary
FOXO3,2309,primary
OSTN,344901,primary
HOXB6,3216,primary
IGF1,3479,primary
MAGI3,260425,primary
SLC25A37,51312,primary
CBX1,10951,primary
PTH,5741,primary
DOC2A,8448,primary
UHRF1,29128,primary
HEATR5B,54497,primary
JPH3,57338,primary
NEK6,10783,primary
NDUFC2,4718,primary
RPP14,11102,primary
CYB5R3,1727,primary
IPO9,55705,primary
TMPRSS5,80975,primary
SBNO2,22904,primary
SNUPN,10073,primary
IKBKE,9641,primary
RTBDN,83546,primary
ARHGAP22,58504,primary
MYF5,4617,primary
THAP3,90326,primary
ERVMER34-1,100288413,primary
MICOS10,440574,primary
MGA,23269,primary
BNIP3,664,primary
PXMP4,11264,primary
MYBPC1,4604,primary
BGLAP,632,primary
MTTP,4547,primary
PCMTD1,115294,primary
CASP2,835,primary
SMIM29,221491,primary
PAM,5066,primary
ZRANB1,54764,primary
MAP3K19,80122,primary
CSRNP3,80034,primary
SLF2,55719,primary
CALN1,83698,primary
CAST,831,primary
GNPTG,84572,primary
AZI2,64343,primary
KLF1,10661,primary
FAM234A,83986,primary
P2RX4,5025,primary
CDH20,28316,primary
SCN11A,11280,primary
GRIK5,2901,primary
ZNF827,152485,primary
TMCO5A,145942,primary
SBDS,51119,primary
KRT18,3875,primary
TRIM59,286827,primary
PCDH15,65217,primary
KIF9,64147,primary
AFAP1L2,84632,primary
PDZRN3,23024,primary
CDH5,1003,primary
LSAMP,4045,primary
ZNF521,25925,primary
KCNQ1,3784,primary
NR1H4,9971,primary
GAS2L1,10634,primary
PDE8A,5151,primary
SLC6A14,11254,primary
IL33,90865,primary
LIPG,9388,primary
SLX4,84464,primary
CDO1,1036,primary
CCDC149,91050,primary
CD180,4064,primary
SPRY2,10253,primary
KAZN,23254,primary
CNKSR2,22866,primary
BPNT2,54928,primary
AARD,441376,primary
TRIM73,375593,primary
THADA,63892,primary
CCN2,1490,primary
MMP16,4325,primary
GHRL,51738,primary
CDK11A,728642,primary
TMPRSS15,5651,primary
SPAG17,200162,primary
REN,5972,primary
ADORA2B,136,primary
RBM25,58517,primary
ZNF217,7764,primary
LRRC4C,57689,primary
CDH1,999,primary
TAFA2,338811,primary
TRPV1,7442,primary
NPTX1,4884,primary
DCUN1D5,84259,primary
RBP4,5950,primary
TRPC4AP,26133,primary
CNTN6,27255,primary
EIF5A2,56648,primary
CSF1,1435,primary
HSPA12A,259217,primary
NR3C2,4306,primary
DPYS,1807,primary
INHBA,3624,primary
YTHDC2,64848,primary
B3GALNT2,148789,primary
HMGA2,8091,primary
STX19,415117,primary
SGK3,23678,primary
AGTR1,185,primary
VPS13B,157680,primary
DCDC2,51473,primary
GBE1,2632,primary
TCF7L2,6934,primary
LRFN5,145581,primary
KIF26A,26153,primary
BTBD9,114781,primary
FGFR2,2263,primary
MYT1L,23040,primary
WFS1,7466,primary
CPT1A,1374,primary
GPAM,57678,primary
MAL2,114569,primary
ARG1,383,primary
VTI1A,143187,primary
GDF2,2658,primary
NHSL1,57224,primary
IMP3,55272,primary
NDUFS2,4720,primary
SLCO4C1,353189,primary
DYNC2H1,79659,primary
ZDHHC18,84243,primary
ZMIZ2,83637,primary
PIK3C3,5289,primary
GDF11,10220,primary
RORA,6095,primary
FOXR2,139628,primary
CAT,847,primary
KCNMB2,10242,primary
SQSTM1,8878,primary
RIMS1,22999,primary
MINDY3,80013,primary
DUSP1,1843,primary
HSD11B1,3290,primary
GBA1,2629,primary
CPA1,1357,primary
LRRC8E,80131,primary
UTP23,84294,primary
CHI3L1,1116,primary
KLF12,11278,primary
ARL8A,127829,primary
MMAB,326625,primary
POFUT3,84750,primary
EPHA3,2042,primary
FITM2,128486,primary
CNTN3,5067,primary
NPIPB9,100507607,primary
AGMO,392636,primary
MAEA,10296,primary
EPAS1,2034,primary
LMNA,4000,primary
TNS3,64759,primary
PLEKHA5,54477,primary
PAMR1,25891,primary
QSER1,79832,primary
ACACA,31,primary
CCND1,595,primary
OSGIN1,29948,primary
RAPGEF3,10411,primary
TMC6,11322,primary
TAFA4,151647,primary
SLC30A1,7779,primary
STC2,8614,primary
ZDHHC6,64429,primary
NPR3,4883,primary
TOP1MT,116447,primary
CEBPA,1050,primary
EYA1,2138,primary
OPRM1,4988,primary
RUFY3,22902,primary
GUF1,60558,primary
CBS,875,primary
BPTF,2186,primary
FOXP1,27086,primary
TREML2,79865,primary
CALCR,799,primary
GLP1R,2740,primary
TOMM7,54543,primary
MSR1,4481,primary
EML6,400954,primary
GRIN1,2902,primary
UBAP1,51271,primary
TOX3,27324,primary
PPARGC1A,10891,primary
PROX1,5629,primary
C12orf42,374470,primary
FAM117B,150864,primary
CIPC,85457,primary
GYPA,2993,primary
SHISA4,149345,primary
PGPEP1,54858,primary
CXCL8,3576,primary
B4GALNT3,283358,primary
GABRG1,2565,primary
NT5C2,22978,primary
EBF2,64641,primary
NPVF,64111,primary
ADGRL2,23266,primary
CHMP6,79643,primary
TGFB1,7040,primary
ZNF507,22847,primary
ALK,238,primary
ADRB1,153,primary
RCCD1,91433,primary
SGK2,10110,primary
MT-ND2,4536,alias
CASP1,834,primary
CRB2,286204,primary
EFNA3,1944,primary
RIPK3,11035,primary
TRAF3IP2,10758,primary
LRRC17,10234,primary
CNBD1,168975,primary
MARCKS,4082,primary
INSR,3643,primary
BMAL1,406,primary
CXXC5,51523,primary
INTS10,55174,primary
PNOC,5368,primary
ZPR1,8882,primary
BAIAP2,10458,primary
THOC7,80145,primary
HORMAD2,150280,primary
KISS1,3814,primary
TLK2,11011,primary
SLC7A10,56301,primary
NDUFS1,4719,primary
PITPNB,23760,primary
CERKL,375298,primary
HMGB1,3146,primary
MACROD2,140733,primary
DTNBP1,84062,primary
PTPN1,5770,primary
LRRN3,54674,primary
FAAH2,158584,primary
GIPR,2696,primary
MSL2,55167,primary
BEND7,222389,primary
SORCS3,22986,primary
KAT2B,8850,primary
UBR3,130507,primary
TLE4,7091,primary
L3MBTL2,83746,primary
MGAT4A,11320,primary
SERPINB8,5271,primary
TTC34,100287898,primary
GABRB3,2562,primary
MED27,9442,primary
APOM,55937,primary
GPR158,57512,primary
CHPF,79586,primary
NUP160,23279,primary
CLVS1,157807,primary
EP300,2033,primary
MYBL2,4605,primary
TNS1,7145,primary
PRUNE1,58497,primary
BOD1L2,284257,primary
CAVIN4,347273,primary
MARVELD3,91862,primary
PPIP5K2,23262,primary
NME9,347736,primary
GRIA3,2892,primary
HUWE1,10075,primary
PTCH1,5727,primary
CDH22,64405,primary
ATP8B2,57198,primary
PDE8B,8622,primary
CLEC16A,23274,primary
ATP5F1D,513,primary
PIGV,55650,primary
ATP2A1,487,primary
GRIN3B,116444,primary
DIP2C,22982,primary
GABRG2,2566,primary
SPCS2,9789,primary
SDK1,221935,primary
CDKL2,8999,primary
PKP4,8502,primary
GARIN6,196472,primary
CPB2,1361,primary
AGT,183,primary
LRRCC1,85444,primary
MANSC4,100287284,primary
DENND1A,57706,primary
PRSS53,339105,primary
NOTCH2,4853,primary
AGRP,181,primary
TTLL11,158135,primary
NPC1L1,29881,primary
TRPC5,7224,primary
NDUFV3,4731,primary
FADS1,3992,primary
LRP1B,53353,primary
MSTN,2660,primary
MRTFB,57496,primary
POU1F1,5449,primary
GJC1,10052,primary
LRP5,4041,primary
MBOAT1,154141,primary
CDC14C,168448,primary
RUNX2,860,primary
GFI1,2672,primary
CEP43,11116,primary
CATIP,375307,primary
SLCO4A1,28231,primary
FRYL,285527,primary
PCSK1N,27344,primary
PDE9A,5152,primary
TUBD1,51174,primary
RANBP3L,202151,primary
CAMK1D,57118,primary
PLCG1,5335,primary
CA4,762,primary
PSMC3IP,29893,primary
ELMOD1,55531,primary
NEAT1,283131,primary
MYOZ2,51778,primary
A3GALT2,127550,primary
SEPTIN9,10801,primary
NAA11,84779,primary
HAMP,57817,primary
FOLH1,2346,primary
TNRC6A,27327,primary
PNPLA3,80339,primary
VASN,114990,primary
SCD5,79966,primary
SLCO6A1,133482,primary
HSBP1,3281,primary
SATB2,23314,primary
MDM4,4194,primary
KLF16,83855,primary
HTR2B,3357,primary
CLCNKA,1187,primary
MRM1,79922,primary
CCL2,6347,primary
TNFAIP8,25816,primary
HNF4G,3174,primary
UBB,7314,primary
KLF3,51274,primary
RPA3,6119,primary
FGF2,2247,primary
TM4SF1,4071,primary
POU3F3,5455,primary
TRAPPC12,51112,primary
TEF,7008,primary
TYW1B,441250,primary
NKX2-4,644524,primary
PTPN14,5784,primary
IL17A,3605,primary
B3GNT2,10678,primary
BMP8B,656,primary
ARHGAP18,93663,primary
PREPL,9581,primary
PRKRIP1,79706,primary
SLC12A3,6559,primary
RPAP1,26015,primary
SELENOI,85465,primary
PTX3,5806,primary
EHMT1,79813,primary
IRF1,3659,primary
HCN1,348980,primary
MME,4311,primary
TNFRSF6B,8771,primary
TMEM51,55092,primary
ADIPOR1,51094,primary
HHLA2,11148,primary
SZT2,23334,primary
BOC,91653,primary
CLCN3,1182,primary
NR0B2,8431,primary
DMRT2,10655,primary
NKAIN2,154215,primary
RGS6,9628,primary
SRSF6,6431,primary
TECRL,253017,primary
IL1A,3552,primary
ETFBKMT,254013,primary
WDR72,256764,primary
CDADC1,81602,primary
JMY,133746,primary
SARDH,1757,primary
BCORL1,63035,primary
TRAF3,7187,primary
LCORL,254251,primary
DNAJC10,54431,primary
SINHCAF,58516,primary
SLC6A3,6531,primary
LMX1B,4010,primary
DHX15,1665,primary
MYO16,23026,primary
SSR1,6745,primary
NDUFB9,4715,primary
SHISA9,729993,primary
NDUFB8,4714,primary
CLDN11,5010,primary
CD40,958,primary
HTR1A,3350,primary
EHHADH,1962,primary
HHIPL1,84439,primary
BRD4,23476,primary
OTOL1,131149,primary
HTR7,3363,primary
RSRC2,65117,primary
OTP,23440,primary
SCN1A,6323,primary
MICU2,221154,primary
RMC1,29919,primary
HMSD,284293,primary
PRKAA2,5563,primary
DAG1,1605,primary
TTC28,23331,primary
PPFIA2,8499,primary
KSR2,283455,primary
BBX,56987,primary
MAN1A2,10905,primary
XYLT1,64131,primary
TMEM17,200728,primary
CCDC9B,388115,primary
TUBA3E,112714,primary
RBM26,64062,primary
PTTG1IP2,102723899,primary
DYNLRB2,83657,primary
SLC10A7,84068,primary
CACNA1H,8912,primary
BBS1,582,primary
TLE1,7088,primary
SLC14A2,8170,primary
P2RY1,5028,primary
CACNA2D1,781,primary
TLR4,7099,primary
DCLK3,85443,primary
PCGF3,10336,primary
LYZL4,131375,primary
TXNL1,9352,primary
NFATC2,4773,primary
LDB2,9079,primary
GPR135,64582,primary
DGKI,9162,primary
PKIG,11142,primary
SPTA1,6708,primary
RIPOR2,9750,primary
PPARA,5465,primary
GPC5,2262,primary
ATOH1,474,primary
SLC35E2B,728661,primary
SLC1A2,6506,primary
SPATA18,132671,primary
PDHX,8050,primary
ADRA2A,150,primary
NDUFV2,4729,primary
APOA1,335,primary
SERPINB7,8710,primary
PPP2R3A,5523,primary
ARMC1,55156,primary
SIRT1,23411,primary
SPPL3,121665,primary
RETN,56729,primary
KTN1,3895,primary
MAF,4094,primary
PDHA1,5160,primary
SLC10A2,6555,primary
GPBAR1,151306,primary
CELSR2,1952,primary
CEP19,84984,primary
DNM3,26052,primary
HMOX1,3162,primary
TWIST2,117581,primary
HIVEP2,3097,primary
NECTIN1,5818,primary
UPF2,26019,primary
HAS2,3037,primary
NCK1,4690,primary
ITIH4,3700,primary
ARB2A,83989,primary
APP,351,primary
HNMT,3176,primary
NDUFAB1,4706,primary
CEL,1056,primary
WDR7,23335,primary
RUNX1,861,primary
AADAT,51166,primary
SLC30A5,64924,primary
TSNARE1,203062,primary
ANKRD66,100287718,primary
UBE2D3,7323,primary
ANGPTL3,27329,primary
HDAC6,10013,primary
TTN,7273,primary
NOS2,4843,primary
MIER3,166968,primary
LRGUK,136332,primary
CYTH1,9267,primary
AOC3,8639,primary
ZNF513,130557,primary
TBC1D2,55357,primary
SSTR5,6755,primary
FBXL13,222235,primary
SCRN1,9805,primary
AVP,551,primary
SUPT3H,8464,primary
TCF12,6938,primary
NCOR2,9612,primary
FGF9,2254,primary
JAM2,58494,primary
HTT,3064,primary
FAM171A1,221061,primary
MTIF3,219402,primary
RPS26,6231,primary
ERC2,26059,primary
DYNLT5,200132,primary
BRINP3,339479,primary
LARP1B,55132,primary
OASL,8638,primary
TNFAIP6,7130,primary
DTL,51514,primary
INKA2,55924,primary
ANKS6,203286,primary
ZCWPW2,152098,primary
SLC22A12,116085,primary
SF3A2,8175,primary
HHIP,64399,primary
HDAC7,51564,primary
SPIN3,169981,primary
ZNF43,7594,primary
RET,5979,primary
SOX11,6664,primary
RAD52,5893,primary
THEMIS,387357,primary
CASP3,836,primary
MASP2,10747,primary
CDKAL1,54901,primary
CES2,8824,primary
UCP1,7350,primary
NOM1,64434,primary
IFNG,3458,primary
SULT1A1,6817,primary
PDXDC1,23042,primary
PLIN5,440503,primary
MTERF1,7978,primary
CAD,790,primary
NRDC,4898,primary
ANGPTL8,55908,primary
ADRA2C,152,primary
SNF8,11267,primary
TMEM69,51249,primary
MLLT10,8028,primary
XPC,7508,primary
SSPN,8082,primary
TMEM106B,54664,primary
CDK11B,984,primary
MT-ND5,4540,alias
NME6,10201,primary
SLC39A10,57181,primary
TTLL7,79739,primary
KIF18A,81930,primary
ZEB2,9839,primary
NCALD,83988,primary
CLINT1,9685,primary
LGALS1,3956,primary
CTU2,348180,primary
HDAC5,10014,primary
PPP3CA,5530,primary
SENP1,29843,primary
MEIS1,4211,primary
SOX9,6662,primary
GRSF1,2926,primary
IL33R,9173,alias
PEPD,5184,primary
HTRA1,5654,primary
STK39,27347,primary
BCR,613,primary
AK4,205,primary
SHQ1,55164,primary
MTARC1,64757,primary
MAP3K5,4217,primary
SREK1,140890,primary
PISD,23761,primary
HTR3C,170572,primary
FMR1,2332,primary
SHTN1,57698,primary
EPC2,26122,primary
TRPM5,29850,primary
DPY19L4,286148,primary
GPNMB,10457,primary
PPARG,5468,primary
ARPIN,348110,primary
FGF23,8074,primary
DGKB,1607,primary
DPYSL4,10570,primary
MYZAP,100820829,primary
HSF1,3297,primary
MPO,4353,primary
GPM6A,2823,primary
PLOD1,5351,primary
PRC1,9055,primary
GTF2I,2969,primary
RGS12,6002,primary
MRNIP,51149,primary
TTC14,151613,primary
OMA1,115209,primary
RXRA,6256,primary
GTF2IRD2,84163,primary
GIGYF1,64599,primary
ARL6,84100,primary
ACE2,59272,primary
FAM180B,399888,primary
UBE2E2,7325,primary
SPMIP4,136895,primary
SPDYE5,442590,primary
ARHGEF10,9639,primary
MT-ND1,4535,alias
TOM1,10043,primary
BHLHE41,79365,primary
APOC2,344,primary
EXOC6,54536,primary
C11orf21,29125,primary
SPARC,6678,primary
C1QTNF6,114904,primary
APOC1,341,primary
BCHE,590,primary
SLC26A9,115019,primary
DNMT3A,1788,primary
HBEGF,1839,primary
KCNJ3,3760,primary
FARS2,10667,primary
CDKN1C,1028,primary
ACOXL,55289,primary
CCR1,1230,primary
PLPPR1,54886,primary
PDE2A,5138,primary
CLIC5,53405,primary
PCBD1,5092,primary
CNR1,1268,primary
CCND2,894,primary
FFAR1,2864,primary
PACS1,55690,primary
SLC12A2,6558,primary
FAM76A,199870,primary
SERPING1,710,primary
TSEN15,116461,primary
FAM237B,107986818,primary
MYNN,55892,primary
NDUFS8,4728,primary
GADD45G,10912,primary
TRIM49B,283116,primary
FAM177A1,283635,primary
JMJD1C,221037,primary
UTRN,7402,primary
ECE2,9718,primary
KCND1,3750,primary
MYOF,26509,primary
TMEM132B,114795,primary
CPEB3,22849,primary
DMAC1,90871,primary
SIX3,6496,primary
PLEKHA1,59338,primary
NHLRC3,387921,primary
OBSL1,23363,primary
KMT2E,55904,primary
MC4R,4160,primary
FST,10468,primary
NLRC3,197358,primary
PRELID1,27166,primary
DUSP6,1848,primary
LGR5,8549,primary
SPRED2,200734,primary
NYNRIN,57523,primary
CTSB,1508,primary
DDX20,11218,primary
DLK1,8788,primary
KCND3,3752,primary
MCU,90550,primary
GABRA5,2558,primary
ZNF716,441234,primary
GNB1,2782,primary
NKX2-6,137814,primary
LMO4,8543,primary
SCN9A,6335,primary
P4HB,5034,primary
BAX,581,primary
CTTNBP2,83992,primary
TSPAN15,23555,primary
APOC3,345,primary
MANBA,4126,primary
IL36G,56300,primary
BACE2,25825,primary
TMEM245,23731,primary
AKT2,208,primary
SCN5A,6331,primary
UCP2,7351,primary
C17orf58,284018,primary
LMBR1,64327,primary
ZNF738,148203,primary
MINAR2,100127206,primary
MITF,4286,primary
SEMA3F,6405,primary
LRRC4,64101,primary
FZD5,7855,primary
FER1L6,654463,primary
OR4C12,283093,primary
UCP3,7352,primary
MVK,4598,primary
XKR6,286046,primary
FNBP4,23360,primary
FIGNL1,63979,primary
IQCB1,9657,primary
TFRC,7037,primary
DSCAML1,57453,primary
GIP,2695,primary
PENK,5179,primary
PRKAG3,53632,primary
CARD11,84433,primary
DOCK6,57572,primary
COL21A1,81578,primary
MPP2,4355,primary
ATG4C,84938,primary
SENP6,26054,primary
L1TD1,54596,primary
EDA2R,60401,primary
SAG,6295,primary
KIF3C,3797,primary
PDE4C,5143,primary
ITGAX,3687,primary
ESAM,90952,primary
WNT9B,7484,primary
TUBB1,81027,primary
FIBCD1,84929,primary
PAPSS1,9061,primary
GNRH1,2796,primary
GNPDA2,132789,primary
MUSTN1,389125,primary
ATP5MC1,516,primary
LCN2,3934,primary
COLGALT2,23127,primary
RUNX3,864,primary
MFHAS1,9258,primary
HMGCS2,3158,primary
PTPRD,5789,primary
FOXN3,1112,primary
C3orf62,375341,primary
HRH1,3269,primary
EFNB3,1949,primary
E2F3,1871,primary
NDUFA3,4696,primary
SF3A1,10291,primary
GALNT3,2591,primary
SMARCA4,6597,primary
GCK,2645,primary
DMRTB1,63948,primary
CNTN1,1272,primary
HDAC10,83933,primary
CCDC77,84318,primary
LRRC66,339977,primary
IGF2BP1,10642,primary
HTD2,109703458,primary
CSF3R,1441,primary
GALNT12,79695,primary
GAA,2548,primary
DCN,1634,primary
TRPC1,7220,primary
PPP2R2A,5520,primary
KCNJ2,3759,primary
CREB3,10488,primary
SETD9,133383,primary
PIGP,51227,primary
FBF1,85302,primary
TUBB4B,10383,primary
SOX12,6666,primary
DRD2,1813,primary
ZBTB16,7704,primary
BMP15,9210,primary
AZIN1,51582,primary
SGCZ,137868,primary
RAB11FIP4,84440,primary
SLC39A13,91252,primary
NDUFA13,51079,primary
MYO1E,4643,primary
FANCL,55120,primary
PIK3R1,5295,primary
FBN2,2201,primary
NRP2,8828,primary
BLK,640,primary
GBA2,57704,primary
IL18R1,8809,primary
ETS2,2114,primary
ARL3,403,primary
LTK,4058,primary
WDR26,80232,primary
ARF5,381,primary
OGDH,4967,primary
BRDT,676,primary
CIRSR,9541,primary
FRAT1,10023,primary
GVQW3,100506127,primary
KMT5A,387893,primary
RHBDF2,79651,primary
MAST4,375449,primary
MSRA,4482,primary
NEDD1,121441,primary
CSTA,1475,primary
GRIN2A,2903,primary
CD34,947,primary
APOA4,337,primary
PHIP,55023,primary
ROBO1,6091,primary
GRIK2,2898,primary
BORCS7,119032,primary
KLHL1,57626,primary
TYRO3,7301,primary
ZC3H12C,85463,primary
MKKS,8195,primary
MAST3,23031,primary
BPIFB1,92747,primary
C1QTNF9,338872,primary
PQBP1,10084,primary
NEDD9,4739,primary
GDF15,9518,primary
GH1,2688,primary
RGS9BP,388531,primary
GABRA4,2557,primary
SCN8A,6334,primary
DUSP26,78986,primary
S100PBP,64766,primary
ZNRD2,10534,primary
ZBED3,84327,primary
KEAP1,9817,primary
CCDC12,151903,primary
NDUFB6,4712,primary
WHRN,25861,primary
CYP2E1,1571,primary
STEAP2,261729,primary
CBLN1,869,primary
OR4C13,283092,primary
NDUFV1,4723,primary
OTULIN,90268,primary
TNRC6B,23112,primary
RIC8B,55188,primary
BAIAP2L1,55971,primary
MMP1,4312,primary
KLHL12,59349,primary
JAZF1,221895,primary
SLC7A5,8140,primary
RNF6,6049,primary
CRHR2,1395,primary
ERO1B,56605,primary
SKOR2,652991,primary
CASP4,837,primary
NCOA7,135112,primary
TGM4,7047,primary
VPS13C,54832,primary
NDUFS7,374291,primary
BARHL2,343472,primary
IGFBP1,3484,primary
CASR,846,primary
RGS19,10287,primary
SCGN,10590,primary
ACVR2B,93,primary
CYP7B1,9420,primary
LRIG1,26018,primary
EPB41L4B,54566,primary
PLCH2,9651,primary
HFE,3077,primary
RGS17,26575,primary
WWP2,11060,primary
CAMKMT,79823,primary
PRMT7,54496,primary
SPTBN5,51332,primary
HOXC5,3222,primary
SETD6,79918,primary
NCOA5,57727,primary
HAPLN3,145864,primary
PRKAA1,5562,primary
ENPP3,5169,primary
GNB3,2784,primary
SYT13,57586,primary
WRN,7486,primary
FLT3,2322,primary
KLB,152831,primary
IRX6,79190,primary
ENDOD1,23052,primary
ATAD5,79915,primary
KAT6B,23522,primary
RSU1,6251,primary
FTO,79068,primary
RNF166,115992,primary
PDZD2,23037,primary
PTP4A1,7803,primary
C1QTNF3,114899,primary
OSBPL6,114880,primary
FSIP2,401024,primary
PIP4K2A,5305,primary
RPL27A,6157,primary
CTNND2,1501,primary
GAD2,2572,primary
ETV1,2115,primary
PTH1R,5745,primary
C3orf38,285237,primary
RRAGB,10325,primary
PDE6B,5158,primary
BACH2,60468,primary
THAP12,5612,primary
C12orf43,64897,primary
EPO,2056,primary
NRG4,145957,primary
TNIP1,10318,primary
NDUFA12,55967,primary
PDS5B,23047,primary
TIMP4,7079,primary
SLC30A8,169026,primary
DNM1L,10059,primary
IDUA,3425,primary
FGF1,2246,primary
TIGIT,201633,primary
ZNF335,63925,primary
CYRIA,81553,primary
TUBB3,10381,primary
RPS6KA1,6195,primary
KCNIP4,80333,primary
DPH6,89978,primary
TOPAZ1,375337,primary
MT-ND3,4537,alias
CLEC14A,161198,primary
MMS22L,253714,primary
PLK2,10769,primary
A1CF,29974,primary
DHFR2,200895,primary
AP4B1,10717,primary
CDC42BPA,8476,primary
EFL1,79631,primary
SOS1,6654,primary
PRKAB1,5564,primary
PRKCB,5579,primary
TIMM44,10469,primary
GBP6,163351,primary
ARID1A,8289,primary
AP3S2,10239,primary
GPR26,2849,primary
MT-CYB,4519,alias
CCAR2,57805,primary
EVI5,7813,primary
VAX1,11023,primary
GABRA6,2559,primary
FGF19,9965,primary
PLXND1,23129,primary
SH2B2,10603,primary
NEU1,4758,primary
CSMD1,64478,primary
ZNF76,7629,primary
CCDC68,80323,primary
GPAT4,137964,primary
SLC5A1,6523,primary
PPP4R3A,55671,primary
FAT3,120114,primary
BCDIN3D,144233,primary
CALCRL,10203,primary
TSPAN8,7103,primary
FBN3,84467,primary
MDGA2,161357,primary
YKT6,10652,primary
EGFR,1956,primary
F5,2153,primary
METAP2,10988,primary
ZBTB10,65986,primary
IL6,3569,primary
COLEC11,78989,primary
LEPROT,54741,primary
CCL5,6352,primary
PARN,5073,primary
ZNF664,144348,primary
KIF4A,24137,primary
WBP1L,54838,primary
ABCC8,6833,primary
IL22,50616,primary
RCVRN,5957,primary
PDE6G,5148,primary
MSANTD1,345222,primary
STH,246744,primary
TMEM87B,84910,primary
MFRP,83552,primary
VGLL3,389136,primary
EIF2AK4,440275,primary
CTBP2,1488,primary
PPP1R3C,5507,primary
CAND2,23066,primary
PRKG1,5592,primary
DDIT4,54541,primary
TCF4,6925,primary
ERICH2,285141,primary
ZHX2,22882,primary
TEX46,729059,primary
CFAP61,26074,primary
MCC,4163,primary
CTRB1,1504,primary
LLPH,84298,primary
SLC9C2,284525,primary
COL16A1,1307,primary
TUBA1C,84790,primary
PRDM14,63978,primary
NETO1,81832,primary
EXD2,55218,primary
MMP14,4323,primary
IHO1,339834,primary
ADORA2A,135,primary
C10orf67,256815,primary
GLDC,2731,primary
TMEM170B,100113407,primary
SOX2,6657,primary
POGZ,23126,primary
TMEM176A,55365,primary
TIMM17B,10245,primary
NFE2L1,4779,primary
GRIK4,2900,primary
TUBB2A,7280,primary
ZBTB26,57684,primary
DPF3,8110,primary
NPAS3,64067,primary
VKORC1,79001,primary
SPATA31H1,84226,primary
RBPJ,3516,primary
TEX29,121793,primary
GRAMD2B,65983,primary
CD101,9398,primary
KCTD15,79047,primary
RPL13,6137,primary
AP1S1,1174,primary
IL13RA1,3597,primary
SLC16A13,201232,primary
ZMAT5,55954,primary
KANSL1,284058,primary
CRNKL1,51340,primary
C8orf48,157773,primary
HOXC6,3223,primary
CCR2,729230,primary
VMP1,81671,primary
SGIP1,84251,primary
ARHGAP19,84986,primary
SNORC,389084,primary
NAP1L5,266812,primary
NRSN1,140767,primary
KCNH8,131096,primary
ASCC3,10973,primary
MANF,7873,primary
ZP4,57829,primary
LIPF,8513,primary
YTHDF2,51441,primary
PHGDH,26227,primary
SLIT2,9353,primary
ZBTB38,253461,primary
ALMS1,7840,primary
FAM184A,79632,primary
IL1B,3553,primary
FAIM2,23017,primary
E2F1,1869,primary
AP3B1,8546,primary
PKD1,5310,primary
TSHZ3,57616,primary
ARID4A,5926,primary
CLOCK,9575,primary
TRIM67,440730,primary
ACAN,176,primary
TMEM225B,100289187,primary
MOGAT2,80168,primary
ZNF257,113835,primary
TRIM32,22954,primary
VAPB,9217,primary
ZNF331,55422,primary
ADIPOQ,9370,primary
ATP4A,495,primary
BRD2,6046,primary
FGF21,26291,primary
CCDC146,57639,primary
SCNN1B,6338,primary
HDAC1,3065,primary
NR5A2,2494,primary
SLC38A10,124565,primary
CYP26A1,1592,primary
UMOD,7369,primary
PKHD1,5314,primary
FN3KRP,79672,primary
GULP1,51454,primary
DDX10,1662,primary
IL10,3586,primary
APOC4,346,primary
CLCN2,1181,primary
FOXF1,2294,primary
PURG,29942,primary
CAMK2B,816,primary
MAFB,9935,primary
ZFP64,55734,primary
LCT,3938,primary
CCR7,1236,primary
RASEF,158158,primary
RASA1,5921,primary
ACACB,32,primary
HTR3A,3359,primary
ALB,213,primary
MDFIC2,107986096,primary
CRHR1,1394,primary
MYC,4609,primary
C1orf185,284546,primary
GRM8,2918,primary
ASAH1,427,primary
GXYLT2,727936,primary
AKR1E2,83592,primary
IPPK,64768,primary
PDE1C,5137,primary
TRMT9B,57604,primary
URM1,81605,primary
NRF1,4899,primary
TNFRSF11B,4982,primary
IDE,3416,primary
GOPC,57120,primary
SLC9B1,150159,primary
SAA2,6289,primary
HTR3E,285242,primary
ARF4,378,primary
PCDH17,27253,primary
CST7,8530,primary
OLFM1,10439,primary
CAND1,55832,primary
NLRP12,91662,primary
NT5C,30833,primary
IQCJ,654502,primary
C1GALT1,56913,primary
NRROS,375387,primary
NUMB,8650,primary
ELAC2,60528,primary
KCNQ5,56479,primary
PROKR2,128674,primary
DLL1,28514,primary
TRMT11,60487,primary
CEACAM5,1048,primary
LRRN1,57633,primary
USP28,57646,primary
WNT5A,7474,primary
CTNNAL1,8727,primary
NKX2-2,4821,primary
ALKAL2,285016,primary
SLC22A2,6582,primary
SOCS3,9021,primary
MRAS,22808,primary
RCAN2,10231,primary
CDK5RAP1,51654,primary
LTO1,220064,primary
PPARD,5467,primary
TRIB1,10221,primary
JPH1,56704,primary
C8orf58,541565,primary
AKT3,10000,primary
KDM3B,51780,primary
MRPL39,54148,primary
LRRTM4,80059,primary
MON1A,84315,primary
PELO,53918,primary
PRDM16,63976,primary
ISL1,3670,primary
ZDBF2,57683,primary
NPY1R,4886,primary
LRRK1,79705,primary
HOMER1,9456,primary
MRM2,29960,primary
L2HGDH,79944,primary
HIBADH,11112,primary
MAK16,84549,primary
SLC27A4,10999,primary
CEP57,9702,primary
TCF7L1,83439,primary
NLGN1,22871,primary
HTR3B,9177,primary
C17orf67,339210,primary
FBXO38,81545,primary
GOLT1B,51026,primary
MON1B,22879,primary
MRPS35,60488,primary
FOXC1,2296,primary
AKAP6,9472,primary
NCK2,8440,primary
PDE6H,5149,primary
IFNGR1,3459,primary
CDKN1B,1027,primary
ARHGAP15,55843,primary
CPSF6,11052,primary
HDDC3,374659,primary
TRIB2,28951,primary
SHBG,6462,primary
EPB41L4A,64097,primary
ADAM30,11085,primary
RALYL,138046,primary
NUDT1,4521,primary
SUGCT,79783,primary
ADO,84890,primary
LRFN2,57497,primary
KDM1A,23028,primary
SLC51B,123264,primary
ATG7,10533,primary
ADCYAP1,116,primary
STX16,8675,primary
TAFA5,25817,primary
SIRPB1,10326,primary
RBPJL,11317,primary
SLC22A3,6581,primary
ARC,23237,primary
TXNIP,10628,primary
LAMC1,3915,primary
ABCB10,23456,primary
FABP4,2167,primary
THRA,7067,primary
HAUS6,54801,primary
ZC3H13,23091,primary
MTCH2,23788,primary
ZNF536,9745,primary
PTPRN,5798,primary
MMADHC,27249,primary
RARRES2,5919,primary
NCF1,653361,primary
NFE2L3,9603,primary
VCL,7414,primary
IAPP,3375,primary
PCDH10,57575,primary
RAI1,10743,primary
DCC,1630,primary
GPR85,54329,primary
CETN1,1068,primary
NDST2,8509,primary
C1orf105,92346,primary
ARID5B,84159,primary
B9D2,80776,primary
PPIF,10105,primary
TBC1D4,9882,primary
TRANK1,9881,primary
ANKFY1,51479,primary
CXCR4,7852,primary
TLR9,54106,primary
MT-ND4L,4539,alias
DMXL2,23312,primary
TUB,7275,primary
MRC2,9902,primary
CACNA2D3,55799,primary
APOB,338,primary
UNC5C,8633,primary
PPP1R9A,55607,primary
CDH13,1012,primary
AMIGO2,347902,primary
FAM221A,340277,primary
PRKD1,5587,primary
MOV10,4343,primary
CCDC88B,283234,primary
LCE3A,353142,primary
DNASE1,1773,primary
NRP1,8829,primary
HHEX,3087,primary
ARL13B,200894,primary
EHBP1,23301,primary
DNAJB4,11080,primary
IKZF2,22807,primary
MRPS30,10884,primary
GPSM1,26086,primary
TCEA2,6919,primary
MYO1F,4542,primary
GCKR,2646,primary
NAT2,10,primary
IMPACT,55364,primary
MARCHF5,54708,primary
NRBF2,29982,primary
MT-ND4,4538,alias
IL6R,3570,primary
GRIK3,2899,primary
TUBB6,84617,primary
PTEN,5728,primary
ADH1B,125,primary
FMO5,2330,primary
MORC4,79710,primary
CLDN18,51208,primary
UMAD1,729852,primary
PDILT,204474,primary
ZPBP,11055,primary
IGF2BP2,10644,primary
BANK1,55024,primary
TYK2,7297,primary
LHCGR,3973,primary
PDE3A,5139,primary
PDZRN4,29951,primary
HABP2,3026,primary
NEUROG3,50674,primary
PIAS1,8554,primary
TGFBR3,7049,primary
PNPLA2,57104,primary
PEAK1,79834,primary
NUCKS1,64710,primary
SUOX,6821,primary
MMP8,4317,primary
S1PR1,1901,primary
POM121C,100101267,primary
NDUFA10,4705,primary
GPR176,11245,primary
SREBF1,6720,primary
NDUFA7,4701,primary
ATRAID,51374,primary
MAML3,55534,primary
NWD2,57495,primary
IKBKB,3551,primary
GAPT,202309,primary
ARPP21,10777,primary
FAM20C,56975,primary
DAOA,267012,primary
PIK3C2A,5286,primary
PSAT1,29968,primary
ALKBH3,221120,primary
KCNJ11,3767,primary
H6PD,9563,primary
BANP,54971,primary
ADAM32,203102,primary
LRRC37A,9884,primary
BMPR2,659,primary
ARPC1B,10095,primary
MCMBP,79892,primary
SLC5A2,6524,primary
TUBB2B,347733,primary
TRERF1,55809,primary
CHD2,1106,primary
GSTA2,2939,primary
PLAT,5327,primary
HSD17B4,3295,primary
FAM241B,219738,primary
SPRY4,81848,primary
CCR3,1232,primary
AJAP1,55966,primary
NUP88,4927,primary
EYS,346007,primary
ZNF804A,91752,primary
TTC21B,79809,primary
ZMIZ1,57178,primary
MEP1B,4225,primary
DRC11,79781,primary
CTBP1,1487,primary
PRAG1,157285,primary
SGPL1,8879,primary
AFF1,4299,primary
CASP10,843,primary
CASP8,841,primary
MADD,8567,primary
PRKCZ,5590,primary
MAPT,4137,primary
PRL,5617,primary
KCNA3,3738,primary
ANKRD55,79722,primary
ATM,472,primary
TP63,8626,primary
PRICKLE1,144165,primary
TM6SF2,53345,primary
WNT8A,7478,primary
LRRC37A2,474170,primary
CAPN13,92291,primary
SALL4,57167,primary
KLF13,51621,primary
GIN1,54826,primary
LCE3D,84648,primary
SAA1,6288,primary
GRIA4,2893,primary
HDAC3,8841,primary
RND3,390,primary
CDH6,1004,primary
ITGB3BP,23421,primary
CCN3,4856,primary
YIF1A,10897,primary
NUDT6,11162,primary
SH3YL1,26751,primary
HRH4,59340,primary
ERBB3,2065,primary
NDUFB5,4711,primary
H19,283120,primary
KLF11,8462,primary
ADRA2B,151,primary
NPC1,4864,primary
PHGR1,644844,primary
STAG1,10274,primary
GDF7,151449,primary
CYB5D2,124936,primary
ATOSA,56204,primary
PRIM1,5557,primary
FHIT,2272,primary
SOX7,83595,primary
OTULINL,54491,primary
FSCN3,29999,primary
CCNH,902,primary
EYA2,2139,primary
PRKCE,5581,primary
CNTNAP4,85445,primary
C3,718,primary
TIGAR,57103,primary
ARVCF,421,primary
UBE3C,9690,primary
TFAP2B,7021,primary
COL14A1,7373,primary
UBE2E3,10477,primary
GNMT,27232,primary
LZTS1,11178,primary
POU3F4,5456,primary
PKDCC,91461,primary
SPATS2L,26010,primary
NPIPA2,642799,primary
LZTS3,9762,primary
LRRC1,55227,primary
NUP133,55746,primary
ADHFE1,137872,primary
QKI,9444,primary
HDAC4,9759,primary
TMEM154,201799,primary
MAML2,84441,primary
STARD7,56910,primary
IGF2,3481,primary
CSTF2T,23283,primary
MAST2,23139,primary
TMC8,147138,primary
EFR3A,23167,primary
ZNF644,84146,primary
DEFB136,613210,primary
CCSER1,401145,primary
RANGAP1,5905,primary
ELF1,1997,primary
CTSD,1509,primary
ZNF641,121274,primary
AGBL4,84871,primary
DCAF12,25853,primary
ATP9B,374868,primary
DLGAP2,9228,primary
PDE4D,5144,primary
ACOX1,51,primary
LETM2,137994,primary
IRX1,79192,primary
SNX29,92017,primary
CD4,920,primary
DAAM2,23500,primary
PACRG,135138,primary
SPHKAP,80309,primary
SLC35D3,340146,primary
NDUFB3,4709,primary
KCNU1,157855,primary
SIPA1,6494,primary
GDF6,392255,primary
FXR1,8087,primary
CAPN10,11132,primary
PCSK9,255738,primary
KL,9365,primary
ANGPTL7,10218,primary
ACTA1,58,primary
MBOAT7,79143,primary
VIRMA,25962,primary
STXBP6,29091,primary
ZHX3,23051,primary
LAMA4,3910,primary
DOK5,55816,primary
PRPF40A,55660,primary
PDLIM3,27295,primary
MGAM2,93432,primary
ENPP1,5167,primary
LIN9,286826,primary
LMTK1,9625,alias
WDSUB1,151525,primary
C1QTNF4,114900,primary
CSNK1G2,1455,primary
PRR14L,253143,primary
ZPLD1,131368,primary
SELL,6402,primary
NDUFAF3,25915,primary
TUFM,7284,primary
SRP54,6729,primary
KIF11,3832,primary
ERG,2078,primary
SUGP1,57794,primary
LRG1,116844,primary
NDUFA9,4704,primary
FGFR1,2260,primary
SLC38A11,151258,primary
ACVR1C,130399,primary
FNDC3B,64778,primary
IL20RB,53833,primary
YAE1,57002,primary
CNTF,1270,primary
PDE7A,5150,primary
CHAMP1,283489,primary
ITGA3,3675,primary
CDH15,1013,primary
RRAGA,10670,primary
CBX4,8535,primary
LGALS3,3958,primary
CADM1,23705,primary
CKMT1B,1159,primary
CORO7,79585,primary
ZCCHC12,170261,primary
MMP7,4316,primary
GNAI1,2770,primary
SYN3,8224,primary
DNAJC19,131118,primary
EVI2A,2123,primary
TULP1,7287,primary
NKX1-1,54729,primary
DAB1,1600,primary
LRRC55,219527,primary
RFT1,91869,primary
SCAF11,9169,primary
CWF19L1,55280,primary
REV3L,5980,primary
GNA12,2768,primary
TGM2,7052,primary
GNAT2,2780,primary
COMMD1,150684,primary
ASXL3,80816,primary
MYF6,4618,primary
ZNF251,90987,primary
RUVBL1,8607,primary
MRC1,4360,primary
DCLK2,166614,primary
CDK5RAP2,55755,primary
TSC22D2,9819,primary
FBXL17,64839,primary
LBP,3929,primary
CYTIP,9595,primary
HS3ST5,222537,primary
ZNF682,91120,primary
DTNA,1837,primary
SIX2,10736,primary
TCEA1,6917,primary
VWA5B1,127731,primary
TUBA4A,7277,primary
SLC8A1,6546,primary
RASL11A,387496,primary
NFE2L2,4780,primary
MOB3B,79817,primary
TMEM258,746,primary
CP,1356,primary
RNASET2,8635,primary
MARCHF1,55016,primary
CUX2,23316,primary
MYH9,4627,primary
FRMPD2,143162,primary
TECPR1,25851,primary
ATP2B3,492,primary
PTGDR,5729,primary
NT5DC1,221294,primary
TOM1L2,146691,primary
HIP1R,9026,primary
CFTR,1080,primary
FBXL22,283807,primary
TRPS1,7227,primary
EVI2B,2124,primary
SLC2A2,6514,primary
MNT,4335,primary
TGFBRAP1,9392,primary
RWDD3,25950,primary
METTL15,196074,primary
APLN,8862,primary
ITCH,83737,primary
CNOT1,23019,primary
NR2F1,7025,primary
SLC7A6OS,84138,primary
DIXDC1,85458,primary
CPNE4,131034,primary
CCR5,1234,primary
ZNF146,7705,primary
SREK1IP1,285672,primary
BRD3,8019,primary
PODXL,5420,primary
AHSG,197,primary
KDM3A,55818,primary
PSMA1,5682,primary
LRRC74A,145497,primary
ABCG2,9429,primary
TXLNB,167838,primary
RBM15B,29890,primary
OXT,5020,primary
NOS3,4846,primary
CUEDC1,404093,primary
PLG,5340,primary
OR5B17,219965,primary
ZEB1,6935,primary
ZNF276,92822,primary
SLC39A8,64116,primary
FAM185A,222234,primary
ICAM1,3383,primary
