kegg_id,name,category
hsa01100,Metabolic pathways,overview
hsa01200,Carbon metabolism,overview
hsa01210,2-Oxocarboxylic acid metabolism,overview
hsa01212,Fatty acid metabolism,overview
hsa01230,Biosynthesis of amino acids,overview
hsa01232,Nucleotide metabolism,overview
hsa01250,Biosynthesis of nucleotide sugars,overview
hsa01240,Biosynthesis of cofactors,overview
hsa01320,Sulfur cycle,pathway
hsa00010,Glycolysis / Gluconeogenesis,pathway
hsa00020,Citrate cycle (TCA cycle),pathway
hsa00030,Pentose phosphate pathway,pathway
hsa00040,Pentose and glucuronate interconversions,pathway
hsa00051,Fructose and mannose metabolism,pathway
hsa00052,Galactose metabolism,pathway
hsa00053,Ascorbate and aldarate metabolism,pathway
hsa00500,Starch and sucrose metabolism,pathway
hsa00620,Pyruvate metabolism,pathway
hsa00630,Glyoxylate and dicarboxylate metabolism,pathway
hsa00640,Propanoate metabolism,pathway
hsa00650,Butanoate metabolism,pathway
hsa00660,C5-Branched dibasic acid metabolism,pathway
hsa00562,Inositol phosphate metabolism,pathway
hsa00190,Oxidative phosphorylation,pathway
hsa00910,Nitrogen metabolism,pathway
hsa00920,Sulfur metabolism,pathway
hsa00061,Fatty acid biosynthesis,pathway
hsa00062,Fatty acid elongation,pathway
hsa00071,Fatty acid degradation,pathway
hsa00100,Steroid biosynthesis,pathway
hsa00120,Primary bile acid biosynthesis,pathway
hsa00140,Steroid hormone biosynthesis,pathway
hsa00561,Glycerolipid metabolism,pathway
hsa00564,Glycerophospholipid metabolism,pathway
hsa00565,Ether lipid metabolism,pathway
hsa00600,Sphingolipid metabolism,pathway
hsa00590,Arachidonic acid metabolism,pathway
hsa00591,Linoleic acid metabolism,pathway
hsa00592,alpha-Linolenic acid metabolism,pathway
hsa01040,Biosynthesis of unsaturated fatty acids,pathway
hsa00230,Purine metabolism,pathway
hsa00240,Pyrimidine metabolism,pathway
hsa00250,"Alanine, aspartate and glutamate metabolism",pathway
hsa00260,"Glycine, serine and threonine metabolism",pathway
hsa00270,Cysteine and methionine metabolism,pathway
hsa00280,"Valine, leucine and isoleucine degradation",pathway
hsa00290,"Valine, leucine and isoleucine biosynthesis",pathway
hsa00310,Lysine degradation,pathway
hsa00220,Arginine biosynthesis,pathway
hsa00330,Arginine and proline metabolism,pathway
hsa00340,Histidine metabolism,pathway
hsa00350,Tyrosine metabolism,pathway
hsa00360,Phenylalanine metabolism,pathway
hsa00380,Tryptophan metabolism,pathway
hsa00400,"Phenylalanine, tyrosine and tryptophan biosynthesis",pathway
hsa00410,beta-Alanine metabolism,pathway
hsa00430,Taurine and hypotaurine metabolism,pathway
hsa00440,Phosphonate and phosphinate metabolism,pathway
hsa00450,Selenocompound metabolism,pathway
hsa00470,D-Amino acid metabolism,pathway
hsa00480,Glutathione metabolism,pathway
hsa00520,Amino sugar and nucleotide sugar metabolism,pathway
hsa00541,Biosynthesis of various nucleotide sugars,pathway
hsa00510,N-Glycan biosynthesis,pathway
hsa00513,Various types of N-glycan biosynthesis,pathway
hsa00512,Mucin type O-glycan biosynthesis,pathway
hsa00515,Mannose type O-glycan biosynthesis,pathway
hsa00514,Other types of O-glycan biosynthesis,pathway
hsa00532,Glycosaminoglycan biosynthesis - chondroitin sulfate / dermatan sulfate,pathway
hsa00534,Glycosaminoglycan biosynthesis - heparan sulfate / heparin,pathway
hsa00533,Glycosaminoglycan biosynthesis - keratan sulfate,pathway
hsa00531,Glycosaminoglycan degradation,pathway
hsa00563,Glycosylphosphatidylinositol (GPI)-anchor biosynthesis,pathway
hsa00601,Glycosphingolipid biosynthesis - lacto and neolacto series,pathway
hsa00603,Glycosphingolipid biosynthesis - globo and isoglobo series,pathway
hsa00604,Glycosphingolipid biosynthesis - ganglio series,pathway
hsa00511,Other glycan degradation,pathway
hsa00730,Thiamine metabolism,pathway
hsa00740,Riboflavin metabolism,pathway
hsa00750,Vitamin B6 metabolism,pathway
hsa00760,Nicotinate and nicotinamide metabolism,pathway
hsa00770,Pantothenate and CoA biosynthesis,pathway
hsa00780,Biotin metabolism,pathway
hsa00785,Lipoic acid metabolism,pathway
hsa00790,Folate biosynthesis,pathway
hsa00670,One carbon pool by folate,pathway
hsa00830,Retinol metabolism,pathway
hsa00860,Porphyrin metabolism,pathway
hsa00130,Ubiquinone and other terpenoid-quinone biosynthesis,pathway
hsa00900,Terpenoid backbone biosynthesis,pathway
hsa00232,Caffeine metabolism,pathway
hsa00524,"Neomycin, kanamycin and gentamicin biosynthesis",pathway
hsa00980,Metabolism of xenobiotics by cytochrome P450,pathway
hsa00982,Drug metabolism - cytochrome P450,pathway
hsa00983,Drug metabolism - other enzymes,pathway
hsa03020,RNA polymerase,pathway
hsa03022,Basal transcription factors,pathway
hsa03040,Spliceosome,pathway
hsa03010,Ribosome,pathway
hsa00970,Aminoacyl-tRNA biosynthesis,pathway
hsa03013,Nucleocytoplasmic transport,pathway
hsa03015,mRNA surveillance pathway,pathway
hsa03008,Ribosome biogenesis in eukaryotes,pathway
hsa03060,Protein export,pathway
hsa04141,Protein processing in endoplasmic reticulum,pathway
hsa04130,SNARE interactions in vesicular transport,pathway
hsa04120,Ubiquitin mediated proteolysis,pathway
hsa04122,Sulfur relay system,pathway
hsa03050,Proteasome,pathway
hsa03018,RNA degradation,pathway
hsa03030,DNA replication,pathway
hsa03410,Base excision repair,pathway
hsa03420,Nucleotide excision repair,pathway
hsa03430,Mismatch repair,pathway
hsa03440,Homologous recombination,pathway
hsa03450,Non-homologous end-joining,pathway
hsa03460,Fanconi anemia pathway,pathway
hsa03082,ATP-dependent chromatin remodeling,pathway
hsa03083,Polycomb repressive complex,pathway
hsa03250,Viral life cycle - HIV-1,pathway
hsa03260,Virion - Human immunodeficiency virus,pathway
hsa03271,Virion - Rotavirus,pathway
hsa03264,Virion - Flavivirus and Alphavirus,pathway
hsa03265,"Virion - Ebolavirus, Lyssavirus and Morbillivirus",pathway
hsa03273,Virion - Lassa virus and SFTS virus,pathway
hsa03272,Virion - Hepatitis viruses,pathway
hsa03266,Virion - Herpesvirus,pathway
hsa03267,Virion - Adenovirus,pathway
hsa02010,ABC transporters,pathway
hsa04010,MAPK signaling pathway,pathway
hsa04012,ErbB signaling pathway,pathway
hsa04014,Ras signaling pathway,pathway
hsa04015,Rap1 signaling pathway,pathway
hsa04310,Wnt signaling pathway,pathway
hsa04330,Notch signaling pathway,pathway
hsa04340,Hedgehog signaling pathway,pathway
hsa04350,TGF-beta signaling pathway,pathway
hsa04390,Hippo signaling pathway,pathway
hsa04392,Hippo signaling pathway - multiple species,pathway
hsa04370,VEGF signaling pathway,pathway
hsa04371,Apelin signaling pathway,pathway
hsa04630,JAK-STAT signaling pathway,pathway
hsa04064,NF-kappa B signaling pathway,pathway
hsa04668,TNF signaling pathway,pathway
hsa04066,HIF-1 signaling pathway,pathway
hsa04068,FoxO signaling pathway,pathway
hsa04020,Calcium signaling pathway,pathway
hsa04070,Phosphatidylinositol signaling system,pathway
hsa04072,Phospholipase D signaling pathway,pathway
hsa04071,Sphingolipid signaling pathway,pathway
hsa04024,cAMP signaling pathway,pathway
hsa04022,cGMP-PKG signaling pathway,pathway
hsa04151,PI3K-Akt signaling pathway,pathway
hsa04152,AMPK signaling pathway,pathway
hsa04150,mTOR signaling pathway,pathway
hsa04080,Neuroactive ligand-receptor interaction,pathway
hsa04082,Neuroactive ligand signaling,pathway
hsa04081,Hormone signaling,pathway
hsa04060,Cytokine-cytokine receptor interaction,pathway
hsa04061,Viral protein interaction with cytokine and cytokine receptor,pathway
hsa04512,ECM-receptor interaction,pathway
hsa04514,Cell adhesion molecule (CAM) interaction,pathway
hsa04517,IgSF CAM signaling,pathway
hsa04518,Integrin signaling,pathway
hsa04519,Cadherin signaling,pathway
hsa04144,Endocytosis,pathway
hsa04145,Phagocytosis,pathway
hsa04142,Lysosome biogenesis,pathway
hsa04146,Peroxisome,pathway
hsa04140,Autophagy - animal,pathway
hsa04136,Autophagy - other,pathway
hsa04137,Mitophagy - animal,pathway
hsa04148,Efferocytosis,pathway
hsa04110,Cell cycle,pathway
hsa04114,Oocyte meiosis,pathway
hsa04210,Apoptosis,pathway
hsa04215,Apoptosis - multiple species,pathway
hsa04216,Ferroptosis,pathway
hsa04217,Necroptosis,pathway
hsa04115,p53 signaling pathway,pathway
hsa04218,Cellular senescence,pathway
hsa04156,Integrated stress response (ISR) signaling pathway,pathway
hsa04510,Focal adhesion,pathway
hsa04520,Adherens junction,pathway
hsa04530,Tight junction,pathway
hsa04540,Gap junction,pathway
hsa04550,Signaling pathways regulating pluripotency of stem cells,pathway
hsa04814,Motor proteins,pathway
hsa04820,Cytoskeleton in muscle cells,pathway
hsa04810,Regulation of actin cytoskeleton,pathway
hsa04640,Hematopoietic cell lineage,pathway
hsa04610,Complement and coagulation cascades,pathway
hsa04611,Platelet activation,pathway
hsa04613,Neutrophil extracellular trap formation,pathway
hsa04620,Toll-like receptor signaling pathway,pathway
hsa04621,NOD-like receptor signaling pathway,pathway
hsa04622,RIG-I-like receptor signaling pathway,pathway
hsa04623,Cytosolic DNA-sensing pathway,pathway
hsa04625,C-type lectin receptor signaling pathway,pathway
hsa04650,Natural killer cell mediated cytotoxicity,pathway
hsa04612,Antigen processing and presentation,pathway
hsa04660,T cell receptor signaling pathway,pathway
hsa04658,Th1 and Th2 cell differentiation,pathway
hsa04659,Th17 cell differentiation,pathway
hsa04657,IL-17 signaling pathway,pathway
hsa04662,B cell receptor signaling pathway,pathway
hsa04664,Fc epsilon RI signaling pathway,pathway
hsa04666,Fc gamma R-mediated phagosome formation,pathway
hsa04670,Leukocyte transendothelial migration,pathway
hsa04672,Intestinal immune network for IgA production,pathway
hsa04062,Chemokine signaling pathway,pathway
hsa04911,Insulin secretion,pathway
hsa04910,Insulin signaling pathway,pathway
hsa04922,Glucagon signaling pathway,pathway
hsa04923,Regulation of lipolysis in adipocytes,pathway
hsa04920,Adipocytokine signaling pathway,pathway
hsa03320,PPAR signaling pathway,pathway
hsa04929,GnRH secretion,pathway
hsa04912,GnRH signaling pathway,pathway
hsa04913,Ovarian steroidogenesis,pathway
hsa04915,Estrogen signaling pathway,pathway
hsa04914,Progesterone-mediated oocyte maturation,pathway
hsa04917,Prolactin signaling pathway,pathway
hsa04921,Oxytocin signaling pathway,pathway
hsa04926,Relaxin signaling pathway,pathway
hsa04935,"Growth hormone synthesis, secretion and action",pathway
hsa04918,Thyroid hormone synthesis,pathway
hsa04919,Thyroid hormone signaling pathway,pathway
hsa04928,"Parathyroid hormone synthesis, secretion and action",pathway
hsa04916,Melanogenesis,pathway
hsa04924,Renin secretion,pathway
hsa04614,Renin-angiotensin system,pathway
hsa04925,Aldosterone synthesis and secretion,pathway
hsa04927,Cortisol synthesis and secretion,pathway
hsa04260,Cardiac muscle contraction,pathway
hsa04261,Adrenergic signaling in cardiomyocytes,pathway
hsa04270,Vascular smooth muscle contraction,pathway
hsa04970,Salivary secretion,pathway
hsa04971,Gastric acid secretion,pathway
hsa04972,Pancreatic secretion,pathway
hsa04976,Bile secretion,pathway
hsa04973,Carbohydrate digestion and absorption,pathway
hsa04974,Protein digestion and absorption,pathway
hsa04975,Fat digestion and absorption,pathway
hsa04979,Cholesterol metabolism,pathway
hsa04977,Vitamin digestion and absorption,pathway
hsa04981,Folate transport and metabolism,pathway
hsa04980,Cobalamin transport and metabolism,pathway
hsa04978,Mineral absorption,pathway
hsa04962,Vasopressin-regulated water reabsorption,pathway
hsa04960,Aldosterone-regulated sodium reabsorption,pathway
hsa04961,Endocrine and other factor-regulated calcium reabsorption,pathway
hsa04964,Proximal tubule bicarbonate reclamation,pathway
hsa04966,Collecting duct acid secretion,pathway
hsa04724,Glutamatergic synapse,pathway
hsa04727,GABAergic synapse,pathway
hsa04725,Cholinergic synapse,pathway
hsa04728,Dopaminergic synapse,pathway
hsa04726,Serotonergic synapse,pathway
hsa04720,Long-term potentiation,pathway
hsa04730,Long-term depression,pathway
hsa04723,Retrograde endocannabinoid signaling,pathway
hsa04721,Synaptic vesicle cycle,pathway
hsa04722,Neurotrophin signaling pathway,pathway
hsa04744,Phototransduction,pathway
hsa04740,Olfactory transduction,pathway
hsa04742,Taste transduction,pathway
hsa04750,Inflammatory mediator regulation of TRP channels,pathway
hsa04360,Axon guidance,pathway
hsa04380,Osteoclast differentiation,pathway
hsa04382,Cornified envelope formation,pathway
hsa04211,Longevity regulating pathway,pathway
hsa04213,Longevity regulating pathway - multiple species,pathway
hsa04710,Circadian rhythm,pathway
hsa04713,Circadian entrainment,pathway
hsa04714,Thermogenesis,pathway
hsa05200,Pathways in cancer,disease
hsa05202,Transcriptional misregulation in cancer,disease
hsa05206,MicroRNAs in cancer,disease
hsa05205,Proteoglycans in cancer,disease
hsa05204,Chemical carcinogenesis - DNA adducts,disease
hsa05207,Chemical carcinogenesis - receptor activation,disease
hsa05208,Chemical carcinogenesis - reactive oxygen species,disease
hsa05203,Viral carcinogenesis,disease
hsa05230,Central carbon metabolism in cancer,disease
hsa05231,Choline metabolism in cancer,disease
hsa05235,PD-L1 expression and PD-1 checkpoint pathway in cancer,disease
hsa05210,Colorectal cancer,disease
hsa05212,Pancreatic cancer,disease
hsa05225,Hepatocellular carcinoma,disease
hsa05226,Gastric cancer,disease
hsa05214,Glioma,disease
hsa05216,Thyroid cancer,disease
hsa05221,Acute myeloid leukemia,disease
hsa05220,Chronic myeloid leukemia,disease
hsa05217,Basal cell carcinoma,disease
hsa05218,Melanoma,disease
hsa05211,Renal cell carcinoma,disease
hsa05219,Bladder cancer,disease
hsa05215,Prostate cancer,disease
hsa05213,Endometrial cancer,disease
hsa05224,Breast cancer,disease
hsa05222,Small cell lung cancer,disease
hsa05223,Non-small cell lung cancer,disease
hsa05166,Human T-cell leukemia virus 1 infection,disease
hsa05170,Human immunodeficiency virus 1 infection,disease
hsa05161,Hepatitis B,disease
hsa05160,Hepatitis C,disease
hsa05171,Coronavirus disease,disease
hsa05164,Influenza A,disease
hsa05162,Measles,disease
hsa05168,Herpes simplex virus 1 infection,disease
hsa05163,Human cytomegalovirus infection,disease
hsa05167,Kaposi sarcoma-associated herpesvirus infection,disease
hsa05169,Epstein-Barr virus infection,disease
hsa05165,Human papillomavirus infection,disease
hsa05110,Vibrio cholerae infection,disease
hsa05120,Epithelial cell signaling in Helicobacter pylori infection,disease
hsa05130,Pathogenic Escherichia coli infection,disease
hsa05132,Salmonella infection,disease
hsa05131,Shigellosis,disease
hsa05135,Yersinia infection,disease
hsa05133,Pertussis,disease
hsa05134,Legionellosis,disease
hsa05150,Staphylococcus aureus infection,disease
hsa05152,Tuberculosis,disease
hsa05100,Bacterial invasion of epithelial cells,disease
hsa05146,Amoebiasis,disease
hsa05144,Malaria,disease
hsa05145,Toxoplasmosis,disease
hsa05140,Leishmaniasis,disease
hsa05142,Chagas disease,disease
hsa05143,African trypanosomiasis,disease
hsa05310,Asthma,disease
hsa05322,Systemic lupus erythematosus,disease
hsa05323,Rheumatoid arthritis,disease
hsa05320,Autoimmune thyroid disease,disease
hsa05321,Inflammatory bowel disease,disease
hsa05330,Allograft rejection,disease
hsa05332,Graft-versus-host disease,disease
hsa05340,Primary immunodeficiency,disease
hsa05010,Alzheimer disease,disease
hsa05012,Parkinson disease,disease
hsa05014,Amyotrophic lateral sclerosis,disease
hsa05016,Huntington disease,disease
hsa05017,Spinocerebellar ataxia,disease
hsa05020,Prion disease,disease
hsa05022,Pathways of neurodegeneration - multiple diseases,disease
hsa05030,Cocaine addiction,disease
hsa05031,Amphetamine addiction,disease
hsa05032,Morphine addiction,disease
hsa05033,Nicotine addiction,disease
hsa05034,Alcoholism,disease
hsa05417,Lipid and atherosclerosis,disease
hsa05418,Fluid shear stress and atherosclerosis,disease
hsa05410,Hypertrophic cardiomyopathy,disease
hsa05412,Arrhythmogenic right ventricular cardiomyopathy,disease
hsa05414,Dilated cardiomyopathy,disease
hsa05415,Diabetic cardiomyopathy,disease
hsa05416,Viral myocarditis,disease
hsa04930,Type II diabetes mellitus,pathway
hsa04940,Type I diabetes mellitus,pathway
hsa04950,Maturity onset diabetes of the young,pathway
hsa04936,Alcoholic liver disease,pathway
hsa04932,Non-alcoholic fatty liver disease,pathway
hsa04931,Insulin resistance,pathway
hsa04933,AGE-RAGE signaling pathway in diabetic complications,pathway
hsa04934,Cushing syndrome,pathway
hsa01521,EGFR tyrosine kinase inhibitor resistance,pathway
hsa01524,Platinum drug resistance,pathway
hsa01523,Antifolate resistance,pathway
hsa01522,Endocrine resistance,pathway
