symbol,n_diseases,diseases,deg_diseases,n_deg,direction,log2FCs
CD4,4,"PCOS,T2D,NAFLD,Obesity","Obesity,PCOS,T2D",3,up,"0.529,2.544,1.682"
MMP9,3,"PCOS,T2D,NAFLD","NAFLD,PCOS,T2D",3,up,"0.649,1.896,3.331"
TGFB1,3,"PCOS,T2D,Obesity","Obesity,PCOS,T2D",3,up,"0.852,3.182,1.09"
ADIPOQ,4,"PCOS,T2D,NAFLD,Obesity","Obesity,T2D",2,down,"-0.215,-2.323"
CCL2,4,"PCOS,T2D,NAFLD,Obesity","Obesity,PCOS",2,up,"1.792,4.433"
GDF15,4,"PCOS,T2D,NAFLD,Obesity","Obesity,T2D",2,up,"0.28,2.462"
INSR,4,"PCOS,T2D,NAFLD,Obesity","NAFLD,Obesity",2,down,"-0.174,-0.58"
NDUFAB1,4,"PCOS,T2D,NAFLD,Obesity","NAFLD,Obesity",2,down,"-0.22,-0.281"
NDUFS1,4,"PCOS,T2D,NAFLD,Obesity","Obesity,T2D",2,down,"-0.302,-0.918"
NDUFS5,4,"PCOS,T2D,NAFLD,Obesity","NAFLD,Obesity",2,down,"-0.346,-0.159"
PPARG,4,"PCOS,T2D,NAFLD,Obesity","Obesity,T2D",2,down,"-0.276,-1.229"
RBP4,4,"PCOS,T2D,NAFLD,Obesity","Obesity,T2D",2,down,"-0.131,-2.485"
TXNIP,4,"PCOS,T2D,NAFLD,Obesity","Obesity,T2D",2,down,"-0.206,-0.867"
AGTR1,3,"T2D,NAFLD,Obesity","NAFLD,Obesity",2,down,"-0.458,-0.329"
C3,3,"PCOS,NAFLD,Obesity","Obesity,PCOS",2,up,"0.362,3.155"
CA2,3,"PCOS,T2D,Obesity","Obesity,T2D",2,down,"-0.192,-1.968"
CALCRL,3,"T2D,NAFLD,Obesity","Obesity,T2D",2,down,"-0.822,-1.651"
CMIP,3,"T2D,NAFLD,Obesity","NAFLD,T2D",2,up,"0.21,1.438"
GABRE,3,"PCOS,T2D,Obesity","Obesity,T2D",2,down,"-0.44,-1.784"
IL10,3,"PCOS,T2D,Obesity","Obesity,PCOS",2,up,"0.186,2.173"
NR3C1,3,"PCOS,T2D,Obesity","Obesity,T2D",2,down,"-0.364,-0.777"
PDE3B,3,"T2D,NAFLD,Obesity","Obesity,T2D",2,down,"-0.571,-1.96"
SIRT1,3,"T2D,NAFLD,Obesity","NAFLD,Obesity",2,down,"-0.335,-0.818"
SPP1,3,"T2D,NAFLD,Obesity","Obesity,T2D",2,up,"2.965,3.746"
TREM2,3,"T2D,NAFLD,Obesity","Obesity,T2D",2,up,"1.43,2.063"
ADH1B,2,"T2D,Obesity","Obesity,T2D",2,down,"-1.005,-2.254"
ALDH2,2,"T2D,Obesity","Obesity,T2D",2,down,"-0.205,-1.381"
CD14,2,"T2D,Obesity","Obesity,T2D",2,up,"1.185,1.214"
CDKN2C,2,"T2D,Obesity","Obesity,T2D",2,down,"-0.66,-2.003"
ENPP1,2,"T2D,Obesity","Obesity,T2D",2,down,"-0.376,-1.583"
ETV5,2,"T2D,Obesity","Obesity,T2D",2,up,"0.28,0.916"
FXR1,2,"T2D,Obesity","Obesity,T2D",2,down,"-0.365,-0.592"
HSD17B12,2,"T2D,Obesity","Obesity,T2D",2,down,"-0.064,-0.806"
IMMP2L,2,"T2D,Obesity","Obesity,T2D",2,down,"-0.33,-0.943"
IRF1,2,"PCOS,Obesity","Obesity,PCOS",2,up,"0.138,1.184"
LRRK1,2,"T2D,Obesity","Obesity,T2D",2,up,"0.58,1.467"
PCDH17,2,"T2D,Obesity","Obesity,T2D",2,up,"0.153,1.565"
PREX1,2,"T2D,Obesity","Obesity,T2D",2,up,"0.478,1.131"
STK24,2,"T2D,Obesity","Obesity,T2D",2,down,"-0.335,-0.785"
STXBP6,2,"T2D,Obesity","Obesity,T2D",2,down,"-0.106,-0.761"
TIMP3,2,"T2D,Obesity","Obesity,T2D",2,down,"-0.107,-1.391"
