kegg_id,pathway,category,pathway_size,fdr_NAFLD,fdr_Obesity,fdr_PCOS,fdr_T2D,k_NAFLD,k_Obesity,k_PCOS,k_T2D,enriched_in,n_enriched,min_fdr
hsa04723,Retrograde endocannabinoid signaling,pathway,149,7.910658758791094e-33,1.9168406677901817e-45,3.783335024783714e-71,2.577304292195209e-31,48,83,68,80,"NAFLD,Obesity,PCOS,T2D",4,3.783335024783714e-71
hsa04932,Non-alcoholic fatty liver disease,pathway,157,2.6235870190482473e-47,1.3940455413530913e-28,3.4558670582781482e-46,9.159956155338101e-24,61,68,53,73,"NAFLD,Obesity,PCOS,T2D",4,2.6235870190482473e-47
hsa05415,Diabetic cardiomyopathy,disease,205,1.991942488815371e-37,9.080861984581943e-21,4.959382876066786e-46,8.434417671966448e-25,59,68,58,87,"NAFLD,Obesity,PCOS,T2D",4,4.959382876066786e-46
hsa00190,Oxidative phosphorylation,pathway,138,1.5656839597496427e-34,1.0803634076415856e-15,1.1134281826205502e-39,1.269516984722527e-12,48,48,46,52,"NAFLD,Obesity,PCOS,T2D",4,1.1134281826205502e-39
hsa04714,Thermogenesis,pathway,234,3.828063267089722e-39,9.404360338364669e-28,7.108847387728746e-39,1.3708216980750578e-17,64,83,55,82,"NAFLD,Obesity,PCOS,T2D",4,3.828063267089722e-39
hsa05208,Chemical carcinogenesis - reactive oxygen species,disease,227,9.51770464200508e-32,6.860098971533061e-17,1.1351967325588622e-33,4.989897288116148e-15,56,66,50,76,"NAFLD,Obesity,PCOS,T2D",4,1.1351967325588622e-33
hsa05016,Huntington disease,disease,309,1.5951289304439081e-24,5.99232945314534e-13,4.564578747274632e-30,5.52248444926332e-19,56,72,53,101,"NAFLD,Obesity,PCOS,T2D",4,4.564578747274632e-30
hsa05012,Parkinson disease,disease,269,7.795990792463001e-26,5.7179822117256875e-11,5.077101089962725e-30,8.442499865116005e-19,54,62,50,92,"NAFLD,Obesity,PCOS,T2D",4,5.077101089962725e-30
hsa05020,Prion disease,disease,276,1.5401194888589194e-23,8.154288409278713e-17,1.8908764437671148e-28,4.655354517739205e-18,52,74,49,92,"NAFLD,Obesity,PCOS,T2D",4,1.8908764437671148e-28
hsa05010,Alzheimer disease,disease,389,1.6034469945564424e-26,1.3895936019429101e-18,6.095322328191792e-28,6.186069634521685e-23,65,95,56,125,"NAFLD,Obesity,PCOS,T2D",4,6.095322328191792e-28
hsa05014,Amyotrophic lateral sclerosis,disease,369,1.96311154136836e-21,7.6833415506497e-11,2.662119224555763e-26,2.2643303636706216e-13,57,76,53,101,"NAFLD,Obesity,PCOS,T2D",4,2.662119224555763e-26
hsa05022,Pathways of neurodegeneration - multiple diseases,disease,481,1.5686152332822801e-18,4.3586790031011325e-14,4.465697620105944e-24,1.5621643625012947e-18,61,99,57,134,"NAFLD,Obesity,PCOS,T2D",4,4.465697620105944e-24
hsa04024,cAMP signaling pathway,pathway,226,0.004707872866812253,1.691822474529967e-21,5.3879933498947915e-06,3.8456670363240946e-11,18,73,20,68,"NAFLD,Obesity,PCOS,T2D",4,1.691822474529967e-21
hsa04081,Hormone signaling,pathway,219,5.9445280285279765e-05,5.157353677959067e-19,7.859251571417422e-15,2.8294372724314694e-13,22,68,31,71,"NAFLD,Obesity,PCOS,T2D",4,5.157353677959067e-19
hsa04931,Insulin resistance,pathway,109,3.682120543282063e-07,3.0916613227968044e-06,9.429022732806327e-05,2.5147424350263292e-11,18,28,12,43,"NAFLD,Obesity,PCOS,T2D",4,2.5147424350263292e-11
hsa05417,Lipid and atherosclerosis,disease,216,2.6792099915893076e-11,0.0006042542307973703,0.0013710966357094003,3.403616203595733e-07,32,37,15,57,"NAFLD,Obesity,PCOS,T2D",4,2.6792099915893076e-11
hsa05032,Morphine addiction,disease,91,4.85443977824762e-06,5.079433961241272e-10,4.5447754846597855e-11,9.132722010657926e-08,15,31,18,33,"NAFLD,Obesity,PCOS,T2D",4,4.5447754846597855e-11
hsa04152,AMPK signaling pathway,pathway,122,2.014435014505824e-09,2.5731538380942185e-05,0.00026578860657177906,4.4568166230548364e-10,22,28,12,44,"NAFLD,Obesity,PCOS,T2D",4,4.4568166230548364e-10
hsa05200,Pathways in cancer,disease,533,0.0005406291263462778,2.8887799227102896e-06,3.242766911337446e-05,9.537310210288174e-10,36,84,31,120,"NAFLD,Obesity,PCOS,T2D",4,9.537310210288174e-10
hsa04920,Adipocytokine signaling pathway,pathway,70,1.5337873848888178e-07,5.174015766521213e-06,9.786168273596545e-06,4.791358938804733e-09,15,21,11,30,"NAFLD,Obesity,PCOS,T2D",4,4.791358938804733e-09
hsa04936,Alcoholic liver disease,pathway,144,8.86383793191873e-09,5.633122028647981e-07,0.0036871159030492534,0.0004320967448456224,23,35,11,35,"NAFLD,Obesity,PCOS,T2D",4,8.86383793191873e-09
hsa04211,Longevity regulating pathway,pathway,90,4.361866777412163e-06,2.8857556934772286e-06,8.45739235650855e-05,6.885772473971043e-08,15,25,11,33,"NAFLD,Obesity,PCOS,T2D",4,6.885772473971043e-08
hsa04068,FoxO signaling pathway,pathway,133,0.0041124296141658795,6.921806427887071e-08,0.002099818675680095,6.474623435074658e-06,13,35,11,38,"NAFLD,Obesity,PCOS,T2D",4,6.921806427887071e-08
hsa05215,Prostate cancer,disease,106,0.0056620218777011086,5.174015766521213e-06,7.51304908329361e-05,1.376871991793155e-07,11,27,12,36,"NAFLD,Obesity,PCOS,T2D",4,1.376871991793155e-07
hsa04213,Longevity regulating pathway - multiple species,pathway,62,7.600353017536472e-05,0.0005184852575939363,0.003800782061893893,4.719279842540443e-07,11,16,7,25,"NAFLD,Obesity,PCOS,T2D",4,4.719279842540443e-07
hsa04930,Type II diabetes mellitus,pathway,47,0.005775248578092063,3.339653492225968e-06,0.0008612951299237475,6.659315524649488e-07,7,17,7,21,"NAFLD,Obesity,PCOS,T2D",4,6.659315524649488e-07
hsa04066,HIF-1 signaling pathway,pathway,110,0.00021288449340542496,3.155549623993966e-05,0.0004694643914014006,1.160801612630049e-06,14,26,11,35,"NAFLD,Obesity,PCOS,T2D",4,1.160801612630049e-06
hsa05144,Malaria,disease,50,1.1629522559987669e-06,0.0005348079852081527,3.0105623237573868e-05,0.008617137056796053,12,14,9,14,"NAFLD,Obesity,PCOS,T2D",4,1.1629522559987669e-06
hsa05321,Inflammatory bowel disease,disease,66,0.0028081554063665204,2.212620707385808e-06,3.8340176375957326e-05,0.0015054145368224158,9,21,10,19,"NAFLD,Obesity,PCOS,T2D",4,2.212620707385808e-06
hsa05142,Chagas disease,disease,103,0.004877950994401218,3.0916613227968044e-06,6.169323637542499e-05,5.154516701451329e-05,11,27,12,30,"NAFLD,Obesity,PCOS,T2D",4,3.0916613227968044e-06
hsa04933,AGE-RAGE signaling pathway in diabetic complications,pathway,101,1.8627449931076157e-05,0.00046767485457997564,5.204031360959265e-05,4.265655367856536e-06,15,22,12,32,"NAFLD,Obesity,PCOS,T2D",4,4.265655367856536e-06
hsa04010,MAPK signaling pathway,pathway,301,0.00189424609416991,6.7024855562142785e-06,0.022024412241518316,3.0305090911885356e-05,23,54,15,66,"NAFLD,Obesity,PCOS,T2D",4,6.7024855562142785e-06
hsa04923,Regulation of lipolysis in adipocytes,pathway,60,0.0056620218777011086,6.7024855562142785e-06,0.013454497842934392,0.000467926126368499,8,19,6,19,"NAFLD,Obesity,PCOS,T2D",4,6.7024855562142785e-06
hsa05167,Kaposi sarcoma-associated herpesvirus infection,disease,196,0.014999474267545006,1.6117410849000696e-05,0.028285057445216467,0.012285685524433178,15,39,11,38,"NAFLD,Obesity,PCOS,T2D",4,1.6117410849000696e-05
hsa04151,PI3K-Akt signaling pathway,pathway,362,0.00015515337482852965,4.296605971349857e-05,0.005239924565450122,5.684993556439747e-05,29,59,19,75,"NAFLD,Obesity,PCOS,T2D",4,4.296605971349857e-05
hsa05205,Proteoglycans in cancer,disease,204,0.008908427817927252,0.01739260753621097,6.766334293776809e-05,0.0005427624576042167,16,30,17,45,"NAFLD,Obesity,PCOS,T2D",4,6.766334293776809e-05
hsa05224,Breast cancer,disease,148,0.0471615278513126,0.00012435726824870975,0.0003999995687252852,0.00017503750361255537,11,30,13,37,"NAFLD,Obesity,PCOS,T2D",4,0.00012435726824870975
hsa04659,Th17 cell differentiation,pathway,109,0.04689625420135261,0.00019974378957345697,0.01912610867236528,0.012169451307770082,9,24,8,24,"NAFLD,Obesity,PCOS,T2D",4,0.00019974378957345697
hsa05218,Melanoma,disease,73,0.005168278464954028,0.007277427881604031,0.031221008491415184,0.00033663829567383817,9,15,6,22,"NAFLD,Obesity,PCOS,T2D",4,0.00033663829567383817
hsa01522,Endocrine resistance,pathway,99,0.030020100036968308,0.00034543836111126437,0.003481480581016711,0.0008177732858875747,9,22,9,26,"NAFLD,Obesity,PCOS,T2D",4,0.00034543836111126437
hsa05418,Fluid shear stress and atherosclerosis,disease,142,0.0008069472232000671,0.0008388888176411468,0.0034707023221985447,0.0006837925416737401,15,27,11,34,"NAFLD,Obesity,PCOS,T2D",4,0.0006837925416737401
hsa04657,IL-17 signaling pathway,pathway,94,0.0007039476600696216,0.006498751160588695,0.002462625902551005,0.0018828910242420782,12,18,9,24,"NAFLD,Obesity,PCOS,T2D",4,0.0007039476600696216
hsa05135,Yersinia infection,disease,138,0.0052832381628059215,0.019308192758643684,0.0008078815881180491,0.010978698446019751,13,22,12,29,"NAFLD,Obesity,PCOS,T2D",4,0.0008078815881180491
hsa05164,Influenza A,disease,173,0.012546602651568468,0.0361133463512843,0.03216478982371401,0.000843181685489739,14,25,10,39,"NAFLD,Obesity,PCOS,T2D",4,0.000843181685489739
hsa05163,Human cytomegalovirus infection,disease,227,0.004858362153098251,0.0014733307646994161,0.013356194144642005,0.01732270518921524,18,37,13,42,"NAFLD,Obesity,PCOS,T2D",4,0.0014733307646994161
hsa05210,Colorectal cancer,disease,87,0.03991081076313721,0.0030368730593169292,0.005811473212712401,0.0015054145368224158,8,18,8,23,"NAFLD,Obesity,PCOS,T2D",4,0.0015054145368224158
hsa04015,Rap1 signaling pathway,pathway,212,0.0024896298407137162,0.0056646522849605535,0.045288953572228646,0.0020164043551337005,18,33,11,44,"NAFLD,Obesity,PCOS,T2D",4,0.0020164043551337005
hsa05219,Bladder cancer,disease,41,0.003109547384484422,0.010477690272592115,0.01327844837134726,0.010978698446019751,7,10,5,12,"NAFLD,Obesity,PCOS,T2D",4,0.003109547384484422
hsa05235,PD-L1 expression and PD-1 checkpoint pathway in cancer,disease,90,0.0056620218777011086,0.004302564045354046,0.023360730753870244,0.005210443272326929,10,18,7,22,"NAFLD,Obesity,PCOS,T2D",4,0.004302564045354046
hsa04625,C-type lectin receptor signaling pathway,pathway,105,0.015985092234380407,0.018774863924225737,0.015403377190657848,0.007980710892477616,10,18,8,24,"NAFLD,Obesity,PCOS,T2D",4,0.007980710892477616
hsa04960,Aldosterone-regulated sodium reabsorption,pathway,38,0.03870090127107829,0.018270012490688953,0.010323747763807551,0.01563236506333335,5,9,5,11,"NAFLD,Obesity,PCOS,T2D",4,0.010323747763807551
hsa04082,Neuroactive ligand signaling,pathway,199,1.0,4.748031186962077e-37,5.554243781652914e-17,2.2745957525247123e-12,4,87,32,65,"Obesity,PCOS,T2D",3,4.748031186962077e-37
hsa04080,Neuroactive ligand-receptor interaction,pathway,371,0.0954088637992919,4.64949496724757e-36,1.1700463529842292e-21,1.1817080200058713e-11,20,120,48,97,"Obesity,PCOS,T2D",3,4.64949496724757e-36
hsa05033,Nicotine addiction,disease,41,1.0,1.0136383117159027e-18,4.495198498882998e-21,3.963099629681535e-08,0,28,20,21,"Obesity,PCOS,T2D",3,4.495198498882998e-21
hsa04979,Cholesterol metabolism,pathway,52,8.340499210535974e-13,0.04481400392454102,1.0,4.658010301783309e-06,18,10,1,21,"NAFLD,Obesity,T2D",3,8.340499210535974e-13
hsa04022,cGMP-PKG signaling pathway,pathway,166,0.04470794179444831,1.2049268834991e-11,0.13698902920045683,8.508746390886449e-09,12,47,8,51,"NAFLD,Obesity,T2D",3,1.2049268834991e-11
hsa04727,GABAergic synapse,pathway,89,1.0,3.3653477913772334e-08,3.2184606670283283e-11,0.0001644932778380679,0,28,18,26,"Obesity,PCOS,T2D",3,3.2184606670283283e-11
hsa04020,Calcium signaling pathway,pathway,254,0.04955680521623232,1.2547365278939097e-10,0.7588354095023837,1.581040413387589e-05,16,59,7,59,"NAFLD,Obesity,T2D",3,1.2547365278939097e-10
hsa05030,Cocaine addiction,disease,49,0.8584635111532708,2.5986530067916447e-07,0.025333525835438887,0.03992805731496289,2,19,5,12,"Obesity,PCOS,T2D",3,2.5986530067916447e-07
hsa04724,Glutamatergic synapse,pathway,116,1.0,3.293062467151681e-07,0.0001686836684736221,0.0073783230199540575,0,31,12,26,"Obesity,PCOS,T2D",3,3.293062467151681e-07
hsa04913,Ovarian steroidogenesis,pathway,52,0.10545293166347251,0.0026248683305205942,4.370110109327189e-07,0.012140148755868406,5,13,11,14,"Obesity,PCOS,T2D",3,4.370110109327189e-07
hsa04917,Prolactin signaling pathway,pathway,71,0.24547031192325683,1.9865202078146277e-06,6.764878377946764e-05,0.003518924878228471,5,22,10,19,"Obesity,PCOS,T2D",3,1.9865202078146277e-06
hsa04935,"Growth hormone synthesis, secretion and action",pathway,122,0.16834604829182276,3.0916613227968044e-06,0.011940298480079749,9.276924865740254e-05,8,30,9,33,"Obesity,PCOS,T2D",3,3.0916613227968044e-06
hsa05134,Legionellosis,disease,56,4.255768140881311e-06,0.0691739392186889,0.0022701227738506796,0.04785522322641397,12,10,7,13,"NAFLD,PCOS,T2D",3,4.255768140881311e-06
hsa04742,Taste transduction,pathway,86,0.9268164997661474,1.3220921811326873e-05,0.0014164551732292155,0.04785522322641397,3,23,9,18,"Obesity,PCOS,T2D",3,1.3220921811326873e-05
hsa04924,Renin secretion,pathway,69,0.03854394411845097,1.5797822362276178e-05,0.9042205098418172,1.581040413387589e-05,7,20,2,24,"NAFLD,Obesity,T2D",3,1.5797822362276178e-05
hsa04668,TNF signaling pathway,pathway,119,0.00012894915959612448,1.5946580577506815e-05,0.01053503445860673,0.1322474217316989,15,28,9,21,"NAFLD,Obesity,PCOS",3,1.5946580577506815e-05
hsa04060,Cytokine-cytokine receptor interaction,pathway,298,0.007031660733244774,4.430875467471889e-05,2.7698239222234474e-05,0.06946894609437264,21,51,22,49,"NAFLD,Obesity,PCOS",3,2.7698239222234474e-05
hsa04371,Apelin signaling pathway,pathway,140,0.03677516086878153,4.5390356561386445e-05,0.5145654594955021,0.0002626785841186209,11,30,5,35,"NAFLD,Obesity,T2D",3,4.5390356561386445e-05
hsa01521,EGFR tyrosine kinase inhibitor resistance,pathway,80,0.06819248504969258,0.0011568922293112183,0.0036871159030492534,7.411955667575267e-05,7,18,8,25,"Obesity,PCOS,T2D",3,7.411955667575267e-05
hsa05143,African trypanosomiasis,disease,37,0.1195282097432633,7.736709976177575e-05,0.0015402330334206783,0.013189994666399358,4,13,6,11,"Obesity,PCOS,T2D",3,7.736709976177575e-05
hsa04728,Dopaminergic synapse,pathway,133,1.0,0.0006994981563798432,0.002099818675680095,9.669635891965848e-05,1,26,11,35,"Obesity,PCOS,T2D",3,9.669635891965848e-05
hsa04630,JAK-STAT signaling pathway,pathway,168,0.09621403512681781,0.00010223758102968196,0.01081481716140577,0.010214571483411707,11,33,11,34,"Obesity,PCOS,T2D",3,0.00010223758102968196
hsa05226,Gastric cancer,disease,150,0.19741415824083072,0.0018999058280147517,0.03690509732455588,0.00010668392814834415,9,27,9,38,"Obesity,PCOS,T2D",3,0.00010668392814834415
hsa05133,Pertussis,disease,78,0.0005918274758423634,0.0008469177795818416,0.00013560650103625898,0.19956146006796033,11,18,10,14,"NAFLD,Obesity,PCOS",3,0.00013560650103625898
hsa04910,Insulin signaling pathway,pathway,140,0.0007039476600696216,0.0032126958273636323,0.2981544956888676,0.0002626785841186209,15,25,6,35,"NAFLD,Obesity,T2D",3,0.0002626785841186209
hsa05161,Hepatitis B,disease,163,0.0003839150130656974,0.00031762509350274107,0.05602632266580788,0.0002779883098139181,17,31,9,39,"NAFLD,Obesity,T2D",3,0.0002779883098139181
hsa04922,Glucagon signaling pathway,pathway,107,0.0006149214207906446,0.021782095801712496,0.8757907765736345,0.0005427624576042167,13,18,3,28,"NAFLD,Obesity,T2D",3,0.0005427624576042167
hsa04148,Efferocytosis,pathway,158,0.005728094245110682,0.0009023394751687936,0.6388172402440188,0.0005886829775216493,14,29,5,37,"NAFLD,Obesity,T2D",3,0.0005886829775216493
hsa05323,Rheumatoid arthritis,disease,95,0.0028081554063665204,0.031002307854198455,0.0006517538633272021,0.15991355941907504,11,16,10,17,"NAFLD,Obesity,PCOS",3,0.0006517538633272021
hsa05207,Chemical carcinogenesis - receptor activation,disease,217,0.11112987700449146,0.0006568046881243468,0.010152391582868096,0.01389318342721917,13,37,13,41,"Obesity,PCOS,T2D",3,0.0006568046881243468
hsa05223,Non-small cell lung cancer,disease,73,0.017207292763644206,0.017265018929650933,0.5345059035370368,0.0008430509973865479,8,14,3,21,"NAFLD,Obesity,T2D",3,0.0008430509973865479
hsa05221,Acute myeloid leukemia,disease,68,0.09621403512681781,0.0014190480699487525,0.0014164551732292155,0.000843181685489739,6,16,8,20,"Obesity,PCOS,T2D",3,0.000843181685489739
hsa04218,Cellular senescence,pathway,157,0.23152413830228127,0.006761681803779898,0.006686656375482745,0.0010187668037408728,9,26,11,36,"Obesity,PCOS,T2D",3,0.0010187668037408728
hsa05166,Human T-cell leukemia virus 1 infection,disease,224,0.8455944890752629,0.004170089001925212,0.028285057445216467,0.0011665020161801618,8,35,12,47,"Obesity,PCOS,T2D",3,0.0011665020161801618
hsa04620,Toll-like receptor signaling pathway,pathway,109,0.019738430565600602,0.0012874176592939197,0.14041952267971455,0.012169451307770082,10,22,6,24,"NAFLD,Obesity,T2D",3,0.0012874176592939197
hsa05212,Pancreatic cancer,disease,77,0.02224779482020731,0.10271448070007265,0.011491718782652134,0.0016574164511934928,8,12,7,21,"NAFLD,PCOS,T2D",3,0.0016574164511934928
hsa05152,Tuberculosis,disease,181,0.003133643316111083,0.012132440149185356,0.006633812359619268,0.1915635851917211,16,28,12,29,"NAFLD,Obesity,PCOS",3,0.003133643316111083
hsa04730,Long-term depression,pathway,60,1.0,0.020448658137538104,0.013454497842934392,0.0032231784169874066,1,12,6,17,"Obesity,PCOS,T2D",3,0.0032231784169874066
hsa05146,Amoebiasis,disease,103,0.33734973900874604,0.0035643489881008435,0.013856705723388115,0.006410466509284148,6,20,8,24,"Obesity,PCOS,T2D",3,0.0035643489881008435
hsa01523,Antifolate resistance,pathway,30,0.22306378634752064,0.04178419275101384,0.0038453130514148944,0.02406531065032413,3,7,5,9,"Obesity,PCOS,T2D",3,0.0038453130514148944
hsa05145,Toxoplasmosis,disease,112,0.02295447275461975,0.0041998144939058915,0.022024412241518316,0.08662164932894595,10,21,8,21,"NAFLD,Obesity,PCOS",3,0.0041998144939058915
hsa05216,Thyroid cancer,disease,37,0.3249803235006508,0.005198385762943392,0.043713883420115035,0.03383364071749944,3,10,4,10,"Obesity,PCOS,T2D",3,0.005198385762943392
hsa05213,Endometrial cancer,disease,59,0.15846888682661472,0.007307899875598715,0.048327161009993666,0.014887515429035488,5,13,5,15,"Obesity,PCOS,T2D",3,0.007307899875598715
hsa05160,Hepatitis C,disease,156,0.031404308426850006,0.020922936362338912,0.39719839208243535,0.010584165123404573,12,24,6,32,"NAFLD,Obesity,T2D",3,0.010584165123404573
hsa00230,Purine metabolism,pathway,128,1.7540681420764748e-11,0.1568642807866901,1.0,0.00023756561505406496,25,17,1,33,"NAFLD,T2D",2,1.7540681420764748e-11
hsa05031,Amphetamine addiction,disease,69,1.0,9.035356380095092e-09,0.08525852083702035,0.0004071069583335144,2,25,5,21,"Obesity,T2D",2,9.035356380095092e-09
hsa03320,PPAR signaling pathway,pathway,77,9.739253165148856e-09,0.10271448070007265,0.11682204576899363,0.0016574164511934928,17,12,5,21,"NAFLD,T2D",2,9.739253165148856e-09
hsa04911,Insulin secretion,pathway,86,0.9268164997661474,4.296605971349857e-05,0.1605801400094161,2.863133376436143e-07,3,22,5,31,"Obesity,T2D",2,2.863133376436143e-07
hsa04540,Gap junction,pathway,90,1.0,0.03997472483546088,0.7055418705892732,8.424785040756752e-07,2,15,3,31,"Obesity,T2D",2,8.424785040756752e-07
hsa05410,Hypertrophic cardiomyopathy,disease,99,0.16106123164865319,4.332945083036523e-05,0.47402401841263697,2.631681107624324e-06,7,24,4,32,"Obesity,T2D",2,2.631681107624324e-06
hsa04713,Circadian entrainment,pathway,97,1.0,3.0916613227968044e-06,0.09572474318798846,0.002900145722613761,0,26,6,24,"Obesity,T2D",2,3.0916613227968044e-06
hsa05202,Transcriptional misregulation in cancer,disease,201,0.06939787232483335,0.03951248731834079,0.14803365713855873,5.384040168510523e-06,13,28,9,51,"Obesity,T2D",2,5.384040168510523e-06
hsa05414,Dilated cardiomyopathy,disease,105,0.8343997306441198,0.00031054259209066255,0.5145654594955021,1.0090843235872419e-05,4,23,4,32,"Obesity,T2D",2,1.0090843235872419e-05
hsa04550,Signaling pathways regulating pluripotency of stem cells,pathway,144,0.9094441245605788,0.016851584153140375,0.31944882798649926,1.8050310802480654e-05,5,23,6,39,"Obesity,T2D",2,1.8050310802480654e-05
hsa04972,Pancreatic secretion,pathway,103,1.0,0.01638473914727762,1.0,1.8050310802480654e-05,2,18,2,31,"Obesity,T2D",2,1.8050310802480654e-05
hsa04975,Fat digestion and absorption,pathway,44,2.051939176731018e-05,0.3872049645528669,1.0,0.0026389752019624394,10,6,0,14,"NAFLD,T2D",2,2.051939176731018e-05
hsa05222,Small cell lung cancer,disease,93,0.12638130079215398,0.005847721545394392,0.4211887821891224,5.154516701451329e-05,7,18,4,28,"Obesity,T2D",2,5.154516701451329e-05
hsa04270,Vascular smooth muscle contraction,pathway,135,0.3989392668322355,5.901006646974788e-05,1.0,0.0005737468663333589,7,29,2,33,"Obesity,T2D",2,5.901006646974788e-05
hsa04380,Osteoclast differentiation,pathway,142,0.28274139224369793,5.901006646974788e-05,0.3065770785681762,0.002606690298350283,8,30,6,32,"Obesity,T2D",2,5.901006646974788e-05
hsa04928,"Parathyroid hormone synthesis, secretion and action",pathway,115,0.2507423136095889,6.389611588265526e-05,0.5943390543661302,0.00036017333228119186,7,26,4,30,"Obesity,T2D",2,6.389611588265526e-05
hsa04261,Adrenergic signaling in cardiomyocytes,pathway,154,1.0,0.00010692764951961182,0.611691931001586,8.858381450733941e-05,4,31,5,39,"Obesity,T2D",2,8.858381450733941e-05
hsa04921,Oxytocin signaling pathway,pathway,154,0.21764740734567095,0.00010692764951961182,1.0,0.0014111841334345833,9,31,3,35,"Obesity,T2D",2,0.00010692764951961182
hsa05162,Measles,disease,136,0.06345918043797737,0.030527690716803717,0.13593924860704443,0.0001565066366172167,10,21,7,35,"Obesity,T2D",2,0.0001565066366172167
hsa04519,Cadherin signaling,pathway,404,1.0,0.02734880420043179,0.0002444216205148714,0.1848063452900845,7,51,24,60,"Obesity,PCOS",2,0.0002444216205148714
hsa05220,Chronic myeloid leukemia,disease,77,0.5236961029793623,0.012061832999497684,0.11682204576899363,0.0002779883098139181,4,15,5,23,"Obesity,T2D",2,0.0002779883098139181
hsa04310,Wnt signaling pathway,pathway,178,0.7288266501838813,0.07811847488120813,0.038051460285065966,0.0004187844459980483,7,24,10,41,"PCOS,T2D",2,0.0004187844459980483
hsa04925,Aldosterone synthesis and secretion,pathway,98,0.49104661365004415,0.039722614162454845,1.0,0.0006971319063626729,5,16,2,26,"Obesity,T2D",2,0.0006971319063626729
hsa04934,Cushing syndrome,pathway,155,0.532752977131383,0.0030368730593169292,0.2092561253858978,0.0008177732858875747,7,27,7,36,"Obesity,T2D",2,0.0008177732858875747
hsa04720,Long-term potentiation,pathway,67,1.0,0.0012150248283456864,0.8847368133535505,0.020380780824526226,0,16,2,16,"Obesity,T2D",2,0.0012150248283456864
hsa05412,Arrhythmogenic right ventricular cardiomyopathy,disease,86,1.0,0.006083109892936951,1.0,0.0013144004139452646,1,17,2,23,"Obesity,T2D",2,0.0013144004139452646
hsa04621,NOD-like receptor signaling pathway,pathway,187,0.001752171261128951,0.25064326615335614,0.04917934296365201,0.06449516291151984,17,22,10,33,"NAFLD,PCOS",2,0.001752171261128951
hsa04660,T cell receptor signaling pathway,pathway,122,0.16834604829182276,0.005265535696621622,0.3964997485031373,0.0018828910242420782,8,22,5,29,"Obesity,T2D",2,0.0018828910242420782
hsa04919,Thyroid hormone signaling pathway,pathway,122,0.16834604829182276,0.019917702373413938,0.3964997485031373,0.0018828910242420782,8,20,5,29,"Obesity,T2D",2,0.0018828910242420782
hsa05132,Salmonella infection,disease,249,0.04470794179444831,0.20246902191042557,0.11331533927285614,0.0019818170225665327,16,29,11,50,"NAFLD,T2D",2,0.0019818170225665327
hsa04929,GnRH secretion,pathway,65,1.0,0.0026080150948314977,0.19634629176264,0.03370484540419904,2,15,4,15,"Obesity,T2D",2,0.0026080150948314977
hsa04927,Cortisol synthesis and secretion,pathway,65,0.19741415824083072,0.01638473914727762,0.46993305771739186,0.0031291625577723517,5,13,3,18,"Obesity,T2D",2,0.0031291625577723517
hsa04140,Autophagy - animal,pathway,169,0.46256260251792247,0.016851584153140375,0.2769858304232502,0.003561826258870088,8,26,7,36,"Obesity,T2D",2,0.003561826258870088
hsa04014,Ras signaling pathway,pathway,239,0.06046647039255592,0.01739260753621097,0.16943292875651658,0.0041414603935924004,15,34,10,47,"Obesity,T2D",2,0.0041414603935924004
hsa04750,Inflammatory mediator regulation of TRP channels,pathway,99,1.0,0.005198385762943392,0.47402401841263697,0.027195985991188908,2,19,4,21,"Obesity,T2D",2,0.005198385762943392
hsa05140,Leishmaniasis,disease,78,0.06130545100857438,0.005673604818313024,0.012009676434939531,0.12158531035049043,7,16,7,15,"Obesity,PCOS",2,0.005673604818313024
hsa04912,GnRH signaling pathway,pathway,93,0.9968519243768725,0.005847721545394392,0.1985181805619549,0.027227361662156908,3,18,5,20,"Obesity,T2D",2,0.005847721545394392
hsa04722,Neurotrophin signaling pathway,pathway,120,0.16106123164865319,0.008768430740740811,0.18854258920397834,0.006058925715139537,8,21,6,27,"Obesity,T2D",2,0.006058925715139537
hsa04012,ErbB signaling pathway,pathway,86,0.20248876370144844,0.014108764469456603,0.36542032096086796,0.006446523931931915,6,16,4,21,"Obesity,T2D",2,0.006446523931931915
hsa05130,Pathogenic Escherichia coli infection,disease,201,0.03776349584054978,0.9015494363758919,0.2752330642364512,0.006996781455965606,14,17,8,40,"NAFLD,T2D",2,0.006996781455965606
hsa04150,mTOR signaling pathway,pathway,158,0.23681949706576488,0.06959967508555383,0.04798957034941997,0.007311680535611167,9,22,9,33,"PCOS,T2D",2,0.007311680535611167
hsa05230,Central carbon metabolism in cancer,disease,71,0.24547031192325683,0.030295194482849546,0.09417253925314524,0.008002590803320086,5,13,5,18,"Obesity,T2D",2,0.008002590803320086
hsa05131,Shigellosis,disease,253,0.026889461491948444,0.08240465936211591,0.12033321582882787,0.017029873712949,17,32,11,46,"NAFLD,T2D",2,0.017029873712949
hsa05017,Spinocerebellar ataxia,disease,144,1.0,0.029906520619532532,0.5400705528930024,0.017826584582417364,4,22,5,29,"Obesity,T2D",2,0.017826584582417364
hsa04622,RIG-I-like receptor signaling pathway,pathway,72,0.04470794179444831,0.7416117641132217,0.9255522737564238,0.01857251408854639,7,7,2,17,"NAFLD,T2D",2,0.01857251408854639
hsa05171,Coronavirus disease,disease,239,0.06046647039255592,0.20186865472967105,0.04356781514566199,0.024884329363149018,15,28,12,43,"PCOS,T2D",2,0.024884329363149018
hsa04064,NF-kappa B signaling pathway,pathway,105,0.19185599676087073,0.0361133463512843,0.2752330642364512,0.027044373604704373,7,17,5,22,"Obesity,T2D",2,0.027044373604704373
hsa05168,Herpes simplex virus 1 infection,disease,180,0.03724851165927209,0.03246605711137025,0.09465585444922797,0.06396511879184702,13,26,9,32,"NAFLD,Obesity",2,0.03246605711137025
