symbol,entrez_id,n_diseases,diseases,mean_score,max_score
GLP1R,2740,4,"NAFLD,Obesity,PCOS,T2D",0.6246,0.7687
PPARG,5468,4,"NAFLD,Obesity,PCOS,T2D",0.6103,0.861
FTO,79068,4,"NAFLD,Obesity,PCOS,T2D",0.5603,0.702
LEPR,3953,4,"NAFLD,Obesity,PCOS,T2D",0.4796,0.7641
NDUFB8,4714,4,"NAFLD,Obesity,PCOS,T2D",0.4736,0.6549
SLC5A2,6524,4,"NAFLD,Obesity,PCOS,T2D",0.4464,0.6428
INSR,3643,4,"NAFLD,Obesity,PCOS,T2D",0.4207,0.7702
GIPR,2696,4,"NAFLD,Obesity,PCOS,T2D",0.419,0.7425
MC4R,4160,4,"NAFLD,Obesity,PCOS,T2D",0.4133,0.8362
IRS1,3667,4,"NAFLD,Obesity,PCOS,T2D",0.4058,0.6585
GNPDA2,132789,4,"NAFLD,Obesity,PCOS,T2D",0.4025,0.5127
ESR1,2099,4,"NAFLD,Obesity,PCOS,T2D",0.3936,0.6004
NR3C2,4306,4,"NAFLD,Obesity,PCOS,T2D",0.3699,0.5944
DPP4,1803,4,"NAFLD,Obesity,PCOS,T2D",0.3525,0.641
PPARA,5465,4,"NAFLD,Obesity,PCOS,T2D",0.3496,0.6216
LEP,3952,4,"NAFLD,Obesity,PCOS,T2D",0.3451,0.7227
DENND1A,57706,4,"NAFLD,Obesity,PCOS,T2D",0.3406,0.4812
VDR,7421,4,"NAFLD,Obesity,PCOS,T2D",0.3404,0.4252
HMGCR,3156,4,"NAFLD,Obesity,PCOS,T2D",0.338,0.6446
LINGO2,158038,4,"NAFLD,Obesity,PCOS,T2D",0.3083,0.4458
TRIB1,10221,4,"NAFLD,Obesity,PCOS,T2D",0.2964,0.4543
AR,367,4,"NAFLD,Obesity,PCOS,T2D",0.289,0.4176
INS,3630,4,"NAFLD,Obesity,PCOS,T2D",0.2413,0.5914
TLR4,7099,4,"NAFLD,Obesity,PCOS,T2D",0.2147,0.3797
HMGB1,3146,4,"NAFLD,Obesity,PCOS,T2D",0.2122,0.3309
GUF1,60558,4,"NAFLD,Obesity,PCOS,T2D",0.2033,0.2683
TP53,7157,4,"NAFLD,Obesity,PCOS,T2D",0.2028,0.3394
IL1B,3553,4,"NAFLD,Obesity,PCOS,T2D",0.1747,0.3758
PRL,5617,4,"NAFLD,Obesity,PCOS,T2D",0.1618,0.2176
ANGPTL8,55908,4,"NAFLD,Obesity,PCOS,T2D",0.1412,0.2143
ADIPOQ,9370,4,"NAFLD,Obesity,PCOS,T2D",0.1259,0.1368
GCG,2641,4,"NAFLD,Obesity,PCOS,T2D",0.1253,0.1354
FGF21,26291,4,"NAFLD,Obesity,PCOS,T2D",0.1227,0.1325
TNF,7124,4,"NAFLD,Obesity,PCOS,T2D",0.1227,0.1315
IGF1,3479,4,"NAFLD,Obesity,PCOS,T2D",0.1195,0.1291
FNDC5,252995,4,"NAFLD,Obesity,PCOS,T2D",0.1193,0.124
GDF15,9518,4,"NAFLD,Obesity,PCOS,T2D",0.1186,0.1365
LCN2,3934,4,"NAFLD,Obesity,PCOS,T2D",0.1173,0.1281
CRP,1401,4,"NAFLD,Obesity,PCOS,T2D",0.117,0.1192
NLRP3,114548,4,"NAFLD,Obesity,PCOS,T2D",0.1148,0.1178
SERPINE1,5054,4,"NAFLD,Obesity,PCOS,T2D",0.1147,0.1244
GPT,2875,4,"NAFLD,Obesity,PCOS,T2D",0.1145,0.1208
MTHFR,4524,4,"NAFLD,Obesity,PCOS,T2D",0.1141,0.1194
RBP4,5950,4,"NAFLD,Obesity,PCOS,T2D",0.1138,0.118
STAT3,6774,4,"NAFLD,Obesity,PCOS,T2D",0.1133,0.1346
CD4,920,4,"NAFLD,Obesity,PCOS,T2D",0.1131,0.1177
CCL2,6347,4,"NAFLD,Obesity,PCOS,T2D",0.1127,0.1251
TXNIP,10628,4,"NAFLD,Obesity,PCOS,T2D",0.1108,0.1202
APOE,348,3,"NAFLD,Obesity,T2D",0.5584,0.6042
HNF1A,6927,3,"NAFLD,Obesity,T2D",0.5248,0.8498
NDUFS4,4724,3,"NAFLD,Obesity,T2D",0.5029,0.6891
NDUFS3,4722,3,"NAFLD,Obesity,T2D",0.4976,0.6244
BDNF,627,3,"NAFLD,Obesity,T2D",0.4945,0.6026
NEGR1,257194,3,"NAFLD,Obesity,T2D",0.4761,0.5538
MT-ND6,4541,3,"NAFLD,Obesity,T2D",0.47,0.6178
CNR1,1268,3,"NAFLD,Obesity,T2D",0.4691,0.641
ERBB4,2066,3,"Obesity,PCOS,T2D",0.461,0.5545
THRB,7068,3,"NAFLD,Obesity,T2D",0.448,0.5522
TCF7L2,6934,3,"Obesity,PCOS,T2D",0.4413,0.6842
RSPO3,84870,3,"NAFLD,Obesity,T2D",0.4136,0.5039
GCGR,2642,3,"NAFLD,Obesity,T2D",0.411,0.4278
AGTR1,185,3,"NAFLD,Obesity,T2D",0.4011,0.5684
FANCL,55120,3,"NAFLD,Obesity,T2D",0.3972,0.4962
SLC39A8,64116,3,"NAFLD,Obesity,T2D",0.3916,0.5463
FHIT,2272,3,"NAFLD,Obesity,T2D",0.3856,0.5074
TMEM18,129787,3,"NAFLD,Obesity,T2D",0.378,0.4526
TRPS1,7227,3,"NAFLD,Obesity,T2D",0.3721,0.511
ZC3H11B,643136,3,"NAFLD,Obesity,T2D",0.3691,0.4569
DRD2,1813,3,"Obesity,PCOS,T2D",0.3681,0.5085
SEC16B,89866,3,"NAFLD,Obesity,T2D",0.3648,0.5412
POC5,134359,3,"NAFLD,Obesity,T2D",0.362,0.4714
GPR26,2849,3,"NAFLD,Obesity,T2D",0.3598,0.4674
PGR,5241,3,"Obesity,PCOS,T2D",0.3598,0.4214
NRXN3,9369,3,"NAFLD,Obesity,T2D",0.3588,0.4771
CADPS,8618,3,"Obesity,PCOS,T2D",0.3578,0.4205
CMIP,80790,3,"NAFLD,Obesity,T2D",0.3562,0.4931
GRB14,2888,3,"NAFLD,Obesity,T2D",0.3489,0.5648
BPTF,2186,3,"NAFLD,Obesity,T2D",0.3476,0.3951
EBF1,1879,3,"NAFLD,Obesity,T2D",0.3401,0.4038
BMPR1B,658,3,"Obesity,PCOS,T2D",0.3326,0.3648
HHIP,64399,3,"NAFLD,Obesity,T2D",0.3293,0.5116
ARL14EP,120534,3,"Obesity,PCOS,T2D",0.3268,0.4667
RBFOX1,54715,3,"Obesity,PCOS,T2D",0.3254,0.4402
NPC1,4864,3,"NAFLD,Obesity,T2D",0.3244,0.353
NFAT5,10725,3,"NAFLD,Obesity,T2D",0.3243,0.4296
PDE4A,5141,3,"NAFLD,Obesity,T2D",0.3214,0.3315
CUX2,23316,3,"Obesity,PCOS,T2D",0.3147,0.3534
PDE4D,5144,3,"NAFLD,Obesity,T2D",0.3134,0.3361
ZC3H4,23211,3,"NAFLD,Obesity,T2D",0.3099,0.415
FSHB,2488,3,"Obesity,PCOS,T2D",0.3067,0.4959
SEC22A,26984,3,"Obesity,PCOS,T2D",0.3002,0.3153
CYP19A1,1588,3,"Obesity,PCOS,T2D",0.2989,0.4396
PPARD,5467,3,"NAFLD,Obesity,T2D",0.2954,0.4026
RALY,22913,3,"NAFLD,Obesity,T2D",0.2903,0.3343
ABCA1,19,3,"NAFLD,Obesity,T2D",0.2894,0.3896
MON1B,22879,3,"NAFLD,Obesity,T2D",0.2849,0.4246
DCC,1630,3,"Obesity,PCOS,T2D",0.2825,0.3587
C9orf72,203228,3,"Obesity,PCOS,T2D",0.2811,0.3444
MAP2K5,5607,3,"NAFLD,Obesity,T2D",0.28,0.3221
NR1H4,9971,3,"NAFLD,Obesity,T2D",0.2792,0.3645
FGFR4,2264,3,"NAFLD,Obesity,T2D",0.2746,0.5749
PRKD1,5587,3,"NAFLD,Obesity,T2D",0.2723,0.3848
GHR,2690,3,"NAFLD,Obesity,T2D",0.2708,0.4238
PDE3B,5140,3,"NAFLD,Obesity,T2D",0.2641,0.3519
SKOR1,390598,3,"NAFLD,Obesity,T2D",0.2601,0.419
ISL1,3670,3,"NAFLD,Obesity,T2D",0.256,0.3012
SLC5A1,6523,3,"NAFLD,Obesity,T2D",0.2528,0.5435
PCDH9,5101,3,"NAFLD,Obesity,T2D",0.2486,0.3173
GRID2,2895,3,"Obesity,PCOS,T2D",0.2484,0.3607
SULT1A1,6817,3,"NAFLD,Obesity,T2D",0.248,0.2624
ATOH1,474,3,"Obesity,PCOS,T2D",0.2469,0.3562
CALCRL,10203,3,"NAFLD,Obesity,T2D",0.243,0.3092
SH2B3,10019,3,"Obesity,PCOS,T2D",0.2425,0.4922
NR3C1,2908,3,"Obesity,PCOS,T2D",0.2399,0.3655
SYCE1L,100130958,3,"NAFLD,Obesity,T2D",0.2371,0.3261
COBLL1,22837,3,"NAFLD,Obesity,T2D",0.2327,0.3353
ERBB3,2065,3,"Obesity,PCOS,T2D",0.2263,0.2548
PTGS2,5743,3,"NAFLD,Obesity,T2D",0.2185,0.42
BCDIN3D,144233,3,"NAFLD,Obesity,T2D",0.2128,0.2685
BMP8A,353500,3,"NAFLD,Obesity,T2D",0.2099,0.3022
VEGFA,7422,3,"NAFLD,PCOS,T2D",0.2081,0.3922
SHBG,6462,3,"NAFLD,PCOS,T2D",0.2045,0.3791
VRK2,7444,3,"NAFLD,Obesity,T2D",0.203,0.378
THBS1,7057,3,"NAFLD,Obesity,T2D",0.2025,0.3849
SOX4,6659,3,"Obesity,PCOS,T2D",0.1987,0.2251
IL10,3586,3,"Obesity,PCOS,T2D",0.1953,0.369
FOXO1,2308,3,"NAFLD,Obesity,T2D",0.1936,0.3466
LEPROT,54741,3,"NAFLD,Obesity,T2D",0.1901,0.2733
MACF1,23499,3,"NAFLD,Obesity,T2D",0.1854,0.2305
XDH,7498,3,"NAFLD,Obesity,T2D",0.1828,0.3154
FSIP2,401024,3,"NAFLD,Obesity,T2D",0.1747,0.1943
GHRL,51738,3,"Obesity,PCOS,T2D",0.172,0.2791
APOC1,341,3,"NAFLD,Obesity,T2D",0.1661,0.1942
NUCB2,4925,3,"Obesity,PCOS,T2D",0.1596,0.2454
ATP2A1,487,3,"NAFLD,Obesity,T2D",0.1591,0.2047
RPGRIP1L,23322,3,"Obesity,PCOS,T2D",0.1539,0.1895
BRD2,6046,3,"NAFLD,PCOS,T2D",0.1441,0.2115
PPARGC1A,10891,3,"NAFLD,Obesity,T2D",0.1423,0.2166
GIP,2695,3,"Obesity,PCOS,T2D",0.1409,0.2106
MTOR,2475,3,"NAFLD,PCOS,T2D",0.1388,0.2001
APOA1,335,3,"NAFLD,Obesity,T2D",0.1278,0.1335
SIRT1,23411,3,"NAFLD,Obesity,T2D",0.1274,0.1395
GNRH1,2796,3,"Obesity,PCOS,T2D",0.1269,0.1352
TGFB1,7040,3,"Obesity,PCOS,T2D",0.1229,0.1437
IL6,3569,3,"Obesity,PCOS,T2D",0.1213,0.1266
CD36,948,3,"NAFLD,Obesity,T2D",0.121,0.1309
FABP4,2167,3,"NAFLD,Obesity,T2D",0.1199,0.1272
RETN,56729,3,"NAFLD,PCOS,T2D",0.1178,0.1284
TREM2,54209,3,"NAFLD,Obesity,T2D",0.1174,0.1397
CD8A,925,3,"NAFLD,Obesity,T2D",0.1168,0.1172
IL18,3606,3,"NAFLD,PCOS,T2D",0.1157,0.133
PRKAB1,5564,3,"NAFLD,Obesity,T2D",0.1156,0.1219
TLR2,7097,3,"NAFLD,Obesity,T2D",0.1139,0.1243
PRKAA2,5563,3,"NAFLD,Obesity,T2D",0.1138,0.1265
GH1,2688,3,"NAFLD,Obesity,PCOS",0.1134,0.1246
SPP1,6696,3,"NAFLD,Obesity,T2D",0.1133,0.1258
RARRES2,5919,3,"Obesity,PCOS,T2D",0.1115,0.115
NAMPT,10135,3,"NAFLD,PCOS,T2D",0.1095,0.1121
NRG4,145957,3,"NAFLD,Obesity,T2D",0.1095,0.1114
STING1,340061,3,"NAFLD,Obesity,T2D",0.1088,0.111
MMP9,4318,3,"NAFLD,PCOS,T2D",0.108,0.1089
PTX3,5806,3,"NAFLD,Obesity,PCOS",0.108,0.1138
IL22,50616,3,"Obesity,PCOS,T2D",0.1079,0.1119
FGF19,9965,3,"NAFLD,PCOS,T2D",0.1076,0.1123
C3,718,3,"NAFLD,Obesity,PCOS",0.1074,0.109
AGER,177,3,"NAFLD,Obesity,T2D",0.1023,0.1033
PNPLA3,80339,2,"NAFLD,T2D",0.6515,0.7455
KCNJ11,3767,2,"Obesity,T2D",0.6212,0.8772
ENPP1,5167,2,"Obesity,T2D",0.6094,0.6549
HNF4A,3172,2,"NAFLD,T2D",0.5892,0.7992
GNAS,2778,2,"Obesity,T2D",0.5787,0.8236
GPD2,2820,2,"Obesity,T2D",0.5662,0.7094
SLC2A2,6514,2,"Obesity,T2D",0.5659,0.7454
TFAP2B,7021,2,"Obesity,T2D",0.5622,0.5749
GRP,2922,2,"Obesity,T2D",0.543,0.5518
PCSK1,5122,2,"Obesity,T2D",0.5364,0.7874
CDKAL1,54901,2,"Obesity,T2D",0.5286,0.688
LPL,4023,2,"NAFLD,T2D",0.5276,0.5886
ONECUT1,3175,2,"Obesity,T2D",0.5207,0.533
NDUFAB1,4706,2,"Obesity,T2D",0.516,0.6139
NDUFB9,4715,2,"Obesity,T2D",0.5149,0.617
MT-ND4L,4539,2,"Obesity,T2D",0.5108,0.6115
MT-ND2,4536,2,"Obesity,T2D",0.5105,0.612
AUTS2,26053,2,"Obesity,T2D",0.5094,0.5106
PNLIP,5406,2,"Obesity,T2D",0.509,0.601
ZFHX3,463,2,"Obesity,T2D",0.5088,0.5347
GCKR,2646,2,"NAFLD,T2D",0.5086,0.5758
PROX1,5629,2,"PCOS,T2D",0.508,0.5647
CPNE4,131034,2,"Obesity,T2D",0.5076,0.5215
NDUFB6,4712,2,"NAFLD,T2D",0.5048,0.6282
NLGN1,22871,2,"Obesity,T2D",0.5033,0.5175
LIPC,3990,2,"NAFLD,T2D",0.4996,0.5564
CALCR,799,2,"Obesity,T2D",0.4912,0.5102
PCDH17,27253,2,"Obesity,T2D",0.487,0.4939
FAIM2,23017,2,"Obesity,T2D",0.4851,0.5073
KCNQ1,3784,2,"Obesity,T2D",0.484,0.6412
SCN2A,6326,2,"Obesity,T2D",0.4824,0.512
CDH7,1005,2,"Obesity,T2D",0.4814,0.4985
ADAMTS9,56999,2,"Obesity,T2D",0.4797,0.5512
ADRB1,153,2,"Obesity,T2D",0.4773,0.4894
LRFN2,57497,2,"Obesity,T2D",0.4747,0.497
ADH1B,125,2,"Obesity,T2D",0.4715,0.4958
OLFM4,10562,2,"Obesity,T2D",0.4688,0.4808
GRIA1,2890,2,"Obesity,T2D",0.4666,0.511
RBMS1,5937,2,"Obesity,T2D",0.4646,0.4658
MTNR1B,4544,2,"Obesity,T2D",0.4639,0.636
ARPP21,10777,2,"Obesity,T2D",0.4607,0.4652
JAZF1,221895,2,"NAFLD,T2D",0.4604,0.5949
IGF1R,3480,2,"Obesity,T2D",0.4597,0.5067
ADCY9,115,2,"Obesity,T2D",0.4576,0.5184
ADRA2A,150,2,"Obesity,T2D",0.4568,0.4995
ZNF536,9745,2,"Obesity,T2D",0.4523,0.4857
HMGA2,8091,2,"PCOS,T2D",0.4511,0.5541
ATP5F1E,514,2,"Obesity,T2D",0.4486,0.5029
DNMT3A,1788,2,"Obesity,T2D",0.4465,0.4794
PPP1R3A,5506,2,"Obesity,T2D",0.4455,0.5285
STXBP6,29091,2,"Obesity,T2D",0.4446,0.4585
SLC6A4,6532,2,"Obesity,T2D",0.4429,0.5979
PDE4B,5142,2,"Obesity,T2D",0.4417,0.492
PPP3CA,5530,2,"Obesity,T2D",0.4417,0.4827
ACE,1636,2,"Obesity,T2D",0.4412,0.5312
ETV5,2119,2,"Obesity,T2D",0.4409,0.5104
LHCGR,3973,2,"Obesity,PCOS",0.4399,0.4475
WFS1,7466,2,"Obesity,T2D",0.4385,0.7639
HTR2C,3358,2,"Obesity,T2D",0.438,0.5928
OPRM1,4988,2,"Obesity,T2D",0.4363,0.6017
LRRC1,55227,2,"Obesity,T2D",0.4361,0.4441
HEY2,23493,2,"Obesity,T2D",0.4359,0.4479
PDZRN4,29951,2,"Obesity,T2D",0.4354,0.4504
EYA1,2138,2,"NAFLD,T2D",0.4351,0.4518
ZEB2,9839,2,"Obesity,T2D",0.434,0.4572
POMC,5443,2,"Obesity,T2D",0.4335,0.7471
NDUFA13,51079,2,"Obesity,PCOS",0.4317,0.4319
PATJ,10207,2,"Obesity,T2D",0.431,0.4569
ANAPC4,29945,2,"Obesity,T2D",0.4299,0.5177
RGS17,26575,2,"Obesity,T2D",0.4297,0.4958
OPRD1,4985,2,"Obesity,T2D",0.4291,0.5856
IGF2BP2,10644,2,"Obesity,T2D",0.4261,0.561
TRIM66,9866,2,"Obesity,T2D",0.4249,0.5211
KLF14,136259,2,"NAFLD,T2D",0.4247,0.5338
TCF4,6925,2,"Obesity,T2D",0.4242,0.4563
GALNT10,55568,2,"Obesity,T2D",0.4238,0.5115
CENPW,387103,2,"Obesity,T2D",0.4226,0.466
INHBB,3625,2,"PCOS,T2D",0.4225,0.5481
CACNA1D,776,2,"Obesity,T2D",0.4202,0.4354
C12orf42,374470,2,"Obesity,T2D",0.4196,0.4514
JADE2,23338,2,"Obesity,T2D",0.419,0.5029
SCN3A,6328,2,"Obesity,T2D",0.4189,0.4307
PIK3C3,5289,2,"Obesity,T2D",0.4179,0.4519
GRID1,2894,2,"Obesity,T2D",0.4175,0.4939
KSR2,283455,2,"Obesity,T2D",0.4167,0.5472
RARB,5915,2,"Obesity,T2D",0.4145,0.4501
HDAC9,9734,2,"Obesity,T2D",0.4131,0.5685
BCL11B,64919,2,"Obesity,T2D",0.4128,0.449
EYA2,2139,2,"NAFLD,T2D",0.4127,0.5376
PML,5371,2,"Obesity,T2D",0.4113,0.4987
TAFA5,25817,2,"Obesity,T2D",0.411,0.4203
LRMDA,83938,2,"Obesity,T2D",0.4107,0.5105
ADCY5,111,2,"PCOS,T2D",0.4065,0.5629
BCL2,596,2,"Obesity,T2D",0.4061,0.4899
TM6SF2,53345,2,"NAFLD,T2D",0.4059,0.4264
DHFR2,200895,2,"Obesity,T2D",0.4058,0.4486
NTNG1,22854,2,"Obesity,T2D",0.4006,0.4703
GRIA2,2891,2,"Obesity,T2D",0.4004,0.4357
ADRA1B,147,2,"Obesity,T2D",0.4002,0.4623
NLRC3,197358,2,"Obesity,T2D",0.4,0.4137
MAGI2,9863,2,"Obesity,T2D",0.3993,0.4569
ZMIZ1,57178,2,"NAFLD,T2D",0.396,0.5292
COXFA4,4697,2,"NAFLD,Obesity",0.3952,0.4082
PEPD,5184,2,"Obesity,T2D",0.3927,0.4251
IRF1,3659,2,"Obesity,PCOS",0.3925,0.4372
ARG1,383,2,"Obesity,T2D",0.3903,0.4296
EBF2,64641,2,"Obesity,T2D",0.3892,0.5045
CEP68,23177,2,"NAFLD,T2D",0.3889,0.4999
NR0B2,8431,2,"Obesity,T2D",0.3881,0.576
ROBO2,6092,2,"Obesity,T2D",0.3876,0.4139
MSRA,4482,2,"Obesity,T2D",0.3862,0.4674
ADRA2B,151,2,"Obesity,T2D",0.3857,0.5045
LMX1B,4010,2,"Obesity,T2D",0.3851,0.5065
THADA,63892,2,"PCOS,T2D",0.3849,0.386
RELN,5649,2,"Obesity,T2D",0.3848,0.4394
MYC,4609,2,"Obesity,T2D",0.3843,0.4483
ADARB1,104,2,"Obesity,T2D",0.3837,0.3981
TLE1,7088,2,"Obesity,T2D",0.3837,0.5588
BRINP3,339479,2,"Obesity,T2D",0.3818,0.4648
FOXG1,2290,2,"Obesity,T2D",0.3818,0.501
CDIN1,84529,2,"Obesity,T2D",0.3816,0.4527
GTF2I,2969,2,"Obesity,T2D",0.3806,0.5201
AKAP6,9472,2,"Obesity,T2D",0.3803,0.4409
SLC12A2,6558,2,"Obesity,T2D",0.3784,0.4136
BMAL1,406,2,"Obesity,T2D",0.3783,0.3965
IGF2BP1,10642,2,"Obesity,T2D",0.3768,0.403
PRMT6,55170,2,"Obesity,T2D",0.3763,0.4034
ECE2,9718,2,"Obesity,T2D",0.3754,0.4362
ZFPM2,23414,2,"Obesity,T2D",0.3712,0.4025
PSAT1,29968,2,"Obesity,T2D",0.3702,0.4186
GSAP,54103,2,"Obesity,T2D",0.37,0.4114
AOPEP,84909,2,"PCOS,T2D",0.3686,0.4917
DRD3,1814,2,"PCOS,T2D",0.3673,0.4695
LDB2,9079,2,"Obesity,T2D",0.366,0.3929
MEF2C,4208,2,"Obesity,T2D",0.3655,0.4692
MAD1L1,8379,2,"Obesity,T2D",0.365,0.3718
MYO19,80179,2,"Obesity,T2D",0.365,0.3994
IL13RA1,3597,2,"Obesity,T2D",0.3637,0.3744
VWC2,375567,2,"Obesity,T2D",0.3631,0.405
AP3B1,8546,2,"Obesity,T2D",0.3624,0.4017
SNX19,399979,2,"Obesity,T2D",0.362,0.4584
CADM2,253559,2,"Obesity,T2D",0.3619,0.4497
DMRTA2,63950,2,"Obesity,T2D",0.3619,0.4483
ADRB2,154,2,"Obesity,T2D",0.3616,0.4773
CBLN4,140689,2,"Obesity,T2D",0.3616,0.4225
WSCD2,9671,2,"Obesity,T2D",0.3586,0.5307
PARD3B,117583,2,"Obesity,T2D",0.3583,0.3616
KIF18A,81930,2,"Obesity,T2D",0.3574,0.3986
ZBTB10,65986,2,"Obesity,T2D",0.3566,0.4291
STK24,8428,2,"Obesity,T2D",0.3562,0.407
TTC8,123016,2,"Obesity,T2D",0.3562,0.5369
ZFP64,55734,2,"Obesity,T2D",0.3561,0.4065
RIT2,6014,2,"Obesity,T2D",0.3554,0.3822
GGNBP2,79893,2,"Obesity,T2D",0.3553,0.383
LCT,3938,2,"Obesity,PCOS",0.3543,0.4718
PRICKLE1,144165,2,"Obesity,T2D",0.3541,0.4143
CACNA1C,775,2,"Obesity,T2D",0.3529,0.4119
INPP4B,8821,2,"Obesity,T2D",0.3529,0.3545
REEP3,221035,2,"NAFLD,T2D",0.3526,0.3605
MRAS,22808,2,"Obesity,T2D",0.3517,0.4175
ATRAID,51374,2,"NAFLD,T2D",0.3512,0.3906
SLC12A8,84561,2,"Obesity,T2D",0.3494,0.5392
HK1,3098,2,"NAFLD,T2D",0.3477,0.4024
IFT38,23059,2,"Obesity,T2D",0.3475,0.3558
SNTB1,6641,2,"Obesity,T2D",0.3465,0.4539
RORA,6095,2,"Obesity,T2D",0.3456,0.4335
MPPED2,744,2,"Obesity,T2D",0.3453,0.4505
PKHD1,5314,2,"Obesity,T2D",0.3447,0.4833
NUDT12,83594,2,"PCOS,T2D",0.3419,0.4028
BACE2,25825,2,"Obesity,T2D",0.3414,0.4279
KCNB2,9312,2,"Obesity,T2D",0.3402,0.3405
CBLN1,869,2,"Obesity,T2D",0.3396,0.3707
TMEM132B,114795,2,"NAFLD,T2D",0.338,0.3682
METTL15,196074,2,"Obesity,T2D",0.3357,0.3678
BAIAP2,10458,2,"Obesity,T2D",0.3341,0.3712
APOBR,55911,2,"Obesity,T2D",0.334,0.3734
CRTC1,23373,2,"Obesity,T2D",0.3332,0.3987
CDKN2B,1030,2,"Obesity,T2D",0.3327,0.5223
ARL15,54622,2,"NAFLD,T2D",0.331,0.413
ZBTB20,26137,2,"Obesity,T2D",0.331,0.3874
GPSM1,26086,2,"Obesity,T2D",0.3308,0.5493
ASTN2,23245,2,"Obesity,T2D",0.3305,0.3579
TMEM60,85025,2,"Obesity,T2D",0.3303,0.3323
FOCAD,54914,2,"Obesity,T2D",0.3301,0.3792
NCAM1,4684,2,"Obesity,T2D",0.3298,0.3751
ADORA2A,135,2,"NAFLD,Obesity",0.3296,0.3393
VPS53,55275,2,"NAFLD,T2D",0.3293,0.4455
HMBS,3145,2,"Obesity,T2D",0.3287,0.3509
SLC22A12,116085,2,"Obesity,T2D",0.3283,0.4391
ANGPTL4,51129,2,"Obesity,T2D",0.3276,0.5429
ROBO1,6091,2,"NAFLD,T2D",0.3274,0.3275
GFI1,2672,2,"Obesity,T2D",0.3266,0.3486
UNC5C,8633,2,"PCOS,T2D",0.3261,0.4568
AOC1,26,2,"NAFLD,T2D",0.3259,0.367
FBXO11,80204,2,"Obesity,T2D",0.3253,0.3764
SMARCAD1,56916,2,"Obesity,T2D",0.3253,0.3961
SUOX,6821,2,"PCOS,T2D",0.3247,0.4344
MDGA2,161357,2,"Obesity,T2D",0.3242,0.3403
AFF3,3899,2,"Obesity,T2D",0.3239,0.3268
SETBP1,26040,2,"Obesity,T2D",0.3236,0.3365
TET2,54790,2,"Obesity,T2D",0.3236,0.5364
LPA,4018,2,"NAFLD,T2D",0.3219,0.36
CHORDC1,26973,2,"Obesity,T2D",0.3215,0.3323
NOL4,8715,2,"Obesity,T2D",0.3211,0.3485
KCNJ12,3768,2,"Obesity,T2D",0.3207,0.4165
RGS6,9628,2,"NAFLD,T2D",0.3204,0.3278
HMGA1,3159,2,"NAFLD,T2D",0.3203,0.4089
PACRG,135138,2,"Obesity,T2D",0.3201,0.3424
HSD17B12,51144,2,"Obesity,T2D",0.3196,0.3303
FGFR2,2263,2,"Obesity,T2D",0.3193,0.3922
LRRK1,79705,2,"Obesity,T2D",0.3185,0.3551
TOX3,27324,2,"PCOS,T2D",0.3163,0.4194
TSHZ2,128553,2,"Obesity,T2D",0.315,0.4728
RMC1,29919,2,"Obesity,T2D",0.3141,0.3234
TTN,7273,2,"Obesity,T2D",0.3125,0.5099
CTBP1,1487,2,"PCOS,T2D",0.3121,0.5178
ZFHX4,79776,2,"Obesity,T2D",0.3115,0.3532
SGIP1,84251,2,"Obesity,T2D",0.3103,0.4303
PDE5A,8654,2,"Obesity,T2D",0.3091,0.3274
PLA2G2F,64600,2,"NAFLD,T2D",0.3072,0.3072
SAMM50,25813,2,"NAFLD,T2D",0.3067,0.3275
PIK3R1,5295,2,"Obesity,T2D",0.3059,0.3513
TSKU,25987,2,"Obesity,T2D",0.3059,0.3303
SLC6A2,6530,2,"PCOS,T2D",0.3054,0.347
ZFP36L2,678,2,"PCOS,T2D",0.3023,0.3399
SPDYE18,100505767,2,"Obesity,T2D",0.302,0.3997
TNRC6A,27327,2,"Obesity,T2D",0.3012,0.3735
MMP8,4317,2,"PCOS,T2D",0.2997,0.3308
PRKN,5071,2,"Obesity,T2D",0.2993,0.3248
LDLRAD4,753,2,"Obesity,T2D",0.2986,0.3371
NPAS3,64067,2,"Obesity,T2D",0.2981,0.427
FIGN,55137,2,"Obesity,PCOS",0.2969,0.3488
HNF4G,3174,2,"Obesity,T2D",0.2967,0.3078
ZZEF1,23140,2,"Obesity,T2D",0.2963,0.4569
ITIH4,3700,2,"Obesity,T2D",0.296,0.3971
PHACTR1,221692,2,"Obesity,T2D",0.2953,0.3036
APOA5,116519,2,"NAFLD,T2D",0.2943,0.4802
RPL10L,140801,2,"Obesity,T2D",0.2928,0.2984
ALDH2,217,2,"Obesity,T2D",0.292,0.4609
MMP1,4312,2,"PCOS,T2D",0.2911,0.318
C2CD4A,145741,2,"Obesity,T2D",0.291,0.4088
STK35,140901,2,"Obesity,T2D",0.2903,0.3055
IL17A,3605,2,"NAFLD,Obesity",0.2895,0.2911
NT5C2,22978,2,"Obesity,T2D",0.2892,0.3473
VPS13C,54832,2,"Obesity,T2D",0.2886,0.4601
MTNR1A,4543,2,"Obesity,T2D",0.2875,0.293
KPNA2,3838,2,"NAFLD,T2D",0.2874,0.3256
IRX3,79191,2,"Obesity,T2D",0.2871,0.2998
CETP,1071,2,"NAFLD,T2D",0.2858,0.2863
ADGRL2,23266,2,"Obesity,T2D",0.2852,0.3256
NFIB,4781,2,"Obesity,T2D",0.2851,0.4051
RPTOR,57521,2,"Obesity,T2D",0.2848,0.3058
SQOR,58472,2,"Obesity,T2D",0.2844,0.2854
IMMP2L,83943,2,"Obesity,T2D",0.2843,0.3237
ETV6,2120,2,"NAFLD,T2D",0.2841,0.2864
BANP,54971,2,"Obesity,T2D",0.2824,0.3406
LIN7A,8825,2,"Obesity,T2D",0.2823,0.3603
PTEN,5728,2,"PCOS,T2D",0.2822,0.4534
TPCN2,219931,2,"Obesity,T2D",0.2808,0.2947
ANGPTL7,10218,2,"Obesity,T2D",0.2801,0.2995
ELAVL4,1996,2,"Obesity,T2D",0.2793,0.4039
FAF1,11124,2,"Obesity,T2D",0.2791,0.3398
BCKDHB,594,2,"NAFLD,T2D",0.277,0.2775
NFATC1,4772,2,"Obesity,T2D",0.277,0.3651
PCM1,5108,2,"Obesity,T2D",0.2767,0.4172
ETAA1,54465,2,"Obesity,T2D",0.2765,0.3932
PAX2,5076,2,"Obesity,T2D",0.2762,0.3825
TTLL7,79739,2,"Obesity,T2D",0.276,0.2853
ZNRF3,84133,2,"PCOS,T2D",0.2759,0.3625
MAP3K1,4214,2,"NAFLD,T2D",0.2745,0.3096
RAI1,10743,2,"Obesity,T2D",0.2742,0.4179
DNAH8,1769,2,"Obesity,T2D",0.2739,0.3904
TMEM161B,153396,2,"Obesity,T2D",0.2738,0.3072
CACNA2D3,55799,2,"Obesity,T2D",0.273,0.3893
ETS2,2114,2,"Obesity,T2D",0.2729,0.4155
YAP1,10413,2,"Obesity,PCOS",0.2727,0.4186
C12orf43,64897,2,"Obesity,T2D",0.2724,0.4414
KCNMB2,10242,2,"Obesity,T2D",0.2716,0.4228
DDC,1644,2,"Obesity,T2D",0.2713,0.291
GALNT17,64409,2,"Obesity,T2D",0.271,0.2848
SHTN1,57698,2,"Obesity,T2D",0.271,0.3278
NPY,4852,2,"Obesity,T2D",0.2708,0.3191
TAL1,6886,2,"Obesity,T2D",0.2703,0.3267
PINX1,54984,2,"Obesity,T2D",0.2702,0.3213
PRDX6,9588,2,"NAFLD,T2D",0.2699,0.27
FBXL17,64839,2,"Obesity,T2D",0.2695,0.3562
MMS22L,253714,2,"Obesity,T2D",0.2694,0.3449
SYT14,255928,2,"Obesity,T2D",0.2692,0.3571
KLHL21,9903,2,"Obesity,T2D",0.269,0.295
KLB,152831,2,"NAFLD,T2D",0.2681,0.3965
HACD2,201562,2,"Obesity,T2D",0.2677,0.2811
RTN4,57142,2,"Obesity,T2D",0.2659,0.3865
APOB,338,2,"NAFLD,T2D",0.2658,0.3971
GTF2IRD2,84163,2,"Obesity,T2D",0.2658,0.2945
CEP120,153241,2,"Obesity,T2D",0.265,0.389
BBIP1,92482,2,"Obesity,T2D",0.2641,0.3459
LINGO1,84894,2,"Obesity,T2D",0.2637,0.3216
DMD,1756,2,"Obesity,T2D",0.2636,0.2772
RAB29,8934,2,"Obesity,T2D",0.262,0.3299
HECW1,23072,2,"Obesity,T2D",0.2601,0.2949
NPC1L1,29881,2,"NAFLD,T2D",0.2601,0.3986
ADAMTS18,170692,2,"Obesity,T2D",0.26,0.3631
ALKAL2,285016,2,"Obesity,T2D",0.2593,0.2601
NSUN3,63899,2,"Obesity,T2D",0.2593,0.3221
SOX11,6664,2,"Obesity,T2D",0.259,0.3016
SFMBT1,51460,2,"NAFLD,T2D",0.2587,0.3023
ADPGK,83440,2,"NAFLD,Obesity",0.2581,0.2785
SWAP70,23075,2,"Obesity,T2D",0.2568,0.3116
ZCCHC7,84186,2,"Obesity,T2D",0.2565,0.2741
CCDC92,80212,2,"NAFLD,T2D",0.2561,0.3367
NOS2,4843,2,"Obesity,T2D",0.2556,0.387
AGBL4,84871,2,"Obesity,T2D",0.2554,0.3342
TIMP4,7079,2,"Obesity,T2D",0.2548,0.3747
ANKRD55,79722,2,"NAFLD,T2D",0.2544,0.3088
UMOD,7369,2,"Obesity,T2D",0.2539,0.3897
FIBCD1,84929,2,"Obesity,T2D",0.2537,0.3134
EN1,2019,2,"Obesity,T2D",0.2534,0.2776
ERN1,2081,2,"Obesity,T2D",0.2534,0.3962
RASA2,5922,2,"Obesity,T2D",0.2533,0.3908
PHTF2,57157,2,"Obesity,T2D",0.2532,0.2553
NKAIN2,154215,2,"Obesity,T2D",0.2531,0.2537
PLCL2,23228,2,"Obesity,T2D",0.2531,0.2833
PTGS1,5742,2,"NAFLD,T2D",0.2528,0.3956
SCGN,10590,2,"NAFLD,T2D",0.2521,0.2585
SYT10,341359,2,"Obesity,T2D",0.2515,0.326
GDNF,2668,2,"Obesity,T2D",0.2514,0.3563
CYP7B1,9420,2,"Obesity,T2D",0.2507,0.3529
CPNE8,144402,2,"Obesity,T2D",0.2506,0.3064
SHISA4,149345,2,"Obesity,T2D",0.2502,0.2722
BNC2,54796,2,"Obesity,T2D",0.2501,0.3259
TRAF3,7187,2,"Obesity,T2D",0.2497,0.3976
DLK1,8788,2,"Obesity,T2D",0.2489,0.3853
FST,10468,2,"PCOS,T2D",0.2484,0.396
CCDC171,203238,2,"Obesity,T2D",0.2483,0.2495
TNRC6B,23112,2,"Obesity,T2D",0.2476,0.2857
ANKDD1B,728780,2,"NAFLD,T2D",0.2468,0.3705
DCLK2,166614,2,"NAFLD,T2D",0.2467,0.2467
LHFPL3,375612,2,"Obesity,T2D",0.2467,0.3326
TWIST2,117581,2,"PCOS,T2D",0.2466,0.2578
KLF16,83855,2,"Obesity,T2D",0.2459,0.2865
NTAN1,123803,2,"Obesity,T2D",0.2459,0.286
ST8SIA4,7903,2,"Obesity,T2D",0.2458,0.3346
FRRS1L,23732,2,"Obesity,T2D",0.2455,0.3002
SETD5,55209,2,"Obesity,T2D",0.2453,0.3898
WRN,7486,2,"Obesity,T2D",0.245,0.3353
ARHGAP42,143872,2,"Obesity,T2D",0.2444,0.245
ENO4,387712,2,"Obesity,T2D",0.2444,0.3279
EVI5,7813,2,"Obesity,T2D",0.244,0.2889
MOV10,4343,2,"Obesity,T2D",0.244,0.2934
RBM6,10180,2,"NAFLD,T2D",0.2421,0.2669
KCNMA1,3778,2,"Obesity,T2D",0.2397,0.3452
GRM5,2915,2,"Obesity,T2D",0.2388,0.2501
SREBF1,6720,2,"Obesity,T2D",0.2385,0.2806
VPS11,55823,2,"Obesity,T2D",0.238,0.2513
BOD1L2,284257,2,"Obesity,T2D",0.2378,0.2688
PREX1,57580,2,"Obesity,T2D",0.2375,0.2606
BACH2,60468,2,"Obesity,T2D",0.2356,0.3512
FADS2,9415,2,"NAFLD,T2D",0.2346,0.3637
TULP1,7287,2,"NAFLD,T2D",0.2338,0.234
FEZF1,389549,2,"Obesity,T2D",0.2325,0.3181
DPH6,89978,2,"Obesity,T2D",0.232,0.2692
CD180,4064,2,"Obesity,T2D",0.2315,0.3412
ITIH2,3698,2,"NAFLD,T2D",0.2313,0.2314
DPY19L4,286148,2,"Obesity,T2D",0.2303,0.257
P2RX4,5025,2,"Obesity,T2D",0.2298,0.2395
MAU2,23383,2,"NAFLD,T2D",0.2297,0.3577
DPYD,1806,2,"Obesity,T2D",0.2293,0.2475
BLID,414899,2,"Obesity,T2D",0.2291,0.3298
CSRNP3,80034,2,"Obesity,T2D",0.2283,0.2766
PCNT,5116,2,"Obesity,T2D",0.2283,0.2633
CDKN2C,1031,2,"Obesity,T2D",0.2278,0.331
PCSK9,255738,2,"NAFLD,T2D",0.2268,0.3532
LGSN,51557,2,"Obesity,T2D",0.2264,0.2441
HAS2,3037,2,"Obesity,T2D",0.2256,0.2986
GSE1,23199,2,"Obesity,T2D",0.2254,0.3222
SMIM29,221491,2,"NAFLD,T2D",0.2247,0.232
SLC35G2,80723,2,"Obesity,T2D",0.2234,0.3153
CCDC146,57639,2,"Obesity,T2D",0.2231,0.3309
JMJD1C,221037,2,"NAFLD,T2D",0.2231,0.3435
NUCKS1,64710,2,"Obesity,T2D",0.2227,0.2636
GTF3A,2971,2,"Obesity,T2D",0.2218,0.2737
SATB1,6304,2,"Obesity,T2D",0.221,0.2417
STK33,65975,2,"Obesity,T2D",0.2195,0.3029
CAMKK2,10645,2,"Obesity,T2D",0.2187,0.2572
ELFN1,392617,2,"Obesity,T2D",0.218,0.2614
PON1,5444,2,"Obesity,T2D",0.2177,0.3086
BTBD9,114781,2,"Obesity,T2D",0.2167,0.2759
METAP2,10988,2,"Obesity,T2D",0.2159,0.3057
HYOU1,10525,2,"Obesity,T2D",0.2157,0.2327
TRAPPC12,51112,2,"Obesity,PCOS",0.2155,0.2482
PDILT,204474,2,"Obesity,T2D",0.2152,0.3109
CGNL1,84952,2,"Obesity,T2D",0.2146,0.2909
RNF217,154214,2,"Obesity,T2D",0.2141,0.221
KLF13,51621,2,"PCOS,T2D",0.2138,0.2534
HDAC3,8841,2,"Obesity,T2D",0.2134,0.2824
CNNM2,54805,2,"Obesity,T2D",0.212,0.2641
TNKS,8658,2,"NAFLD,T2D",0.2119,0.2461
GPNMB,10457,2,"Obesity,T2D",0.2118,0.3091
GAD2,2572,2,"Obesity,T2D",0.2115,0.317
ILRUN,64771,2,"NAFLD,Obesity",0.2114,0.2718
SOCS2,8835,2,"Obesity,T2D",0.2111,0.3038
ATP11B,23200,2,"Obesity,T2D",0.211,0.251
RND3,390,2,"Obesity,T2D",0.2108,0.2331
DIAPH3,81624,2,"Obesity,T2D",0.2106,0.2806
CCDC68,80323,2,"Obesity,T2D",0.2099,0.2554
SRPK2,6733,2,"Obesity,T2D",0.209,0.2108
UBR3,130507,2,"Obesity,T2D",0.209,0.299
FXR1,8087,2,"Obesity,T2D",0.2089,0.2751
PPP1R3B,79660,2,"NAFLD,T2D",0.2081,0.2447
RPL37A,6168,2,"NAFLD,T2D",0.208,0.2085
APOA4,337,2,"NAFLD,T2D",0.2072,0.3133
MAML2,84441,2,"Obesity,T2D",0.206,0.2758
TMEM258,746,2,"NAFLD,T2D",0.2037,0.2063
TNFRSF11A,8792,2,"Obesity,T2D",0.2031,0.3002
CERS6,253782,2,"Obesity,T2D",0.203,0.3056
APOC3,345,2,"NAFLD,T2D",0.2029,0.2643
ESR2,2100,2,"Obesity,PCOS",0.2028,0.2777
CEP78,84131,2,"Obesity,T2D",0.2024,0.2037
RYR2,6262,2,"Obesity,T2D",0.202,0.249
DNM3,26052,2,"Obesity,T2D",0.2014,0.253
GIGYF2,26058,2,"Obesity,T2D",0.2014,0.28
ANGPTL3,27329,2,"NAFLD,T2D",0.1998,0.2698
SAE1,10055,2,"Obesity,T2D",0.1988,0.2426
DNAH10,196385,2,"NAFLD,T2D",0.1984,0.2463
IRX1,79192,2,"Obesity,T2D",0.1969,0.199
IL1R1,3554,2,"Obesity,T2D",0.1963,0.2761
SH3GL2,6456,2,"NAFLD,T2D",0.1959,0.1961
DOK5,55816,2,"Obesity,T2D",0.1958,0.2455
ALMS1,7840,2,"Obesity,T2D",0.1949,0.2528
ZCCHC12,170261,2,"Obesity,T2D",0.1947,0.2484
C10orf67,256815,2,"Obesity,T2D",0.1945,0.2614
SOX9,6662,2,"Obesity,T2D",0.1945,0.2056
SPIN4,139886,2,"Obesity,T2D",0.1944,0.2713
CNTN1,1272,2,"Obesity,T2D",0.1942,0.1982
CDH15,1013,2,"Obesity,T2D",0.1941,0.2085
GPRC5B,51704,2,"NAFLD,Obesity",0.1939,0.2086
TEAD3,7005,2,"NAFLD,T2D",0.1935,0.1954
APOC2,344,2,"Obesity,T2D",0.192,0.2199
RFT1,91869,2,"NAFLD,T2D",0.1916,0.1941
POU3F3,5455,2,"Obesity,T2D",0.1906,0.2344
PTPRT,11122,2,"Obesity,T2D",0.1906,0.2261
NPTX1,4884,2,"Obesity,T2D",0.1904,0.2539
RSBN1L,222194,2,"Obesity,T2D",0.1903,0.243
NCOA7,135112,2,"Obesity,T2D",0.1893,0.2029
HRH1,3269,2,"Obesity,T2D",0.189,0.2741
SOX2,6657,2,"Obesity,T2D",0.1887,0.2039
FAM177A1,283635,2,"Obesity,T2D",0.1883,0.2587
IL23A,51561,2,"NAFLD,Obesity",0.1876,0.2739
TFPI,7035,2,"Obesity,T2D",0.1872,0.236
SETD9,133383,2,"NAFLD,T2D",0.1868,0.2601
PIEZO1,9780,2,"Obesity,T2D",0.1863,0.2694
PCCB,5096,2,"NAFLD,T2D",0.1862,0.2622
ARID1A,8289,2,"NAFLD,Obesity",0.1857,0.2446
LRTM1,57408,2,"Obesity,T2D",0.1854,0.2451
SAXO1,158297,2,"PCOS,T2D",0.1852,0.203
C1QTNF4,114900,2,"Obesity,T2D",0.1849,0.269
UCP2,7351,2,"Obesity,T2D",0.1847,0.2563
MINDY3,80013,2,"Obesity,T2D",0.1846,0.2262
NEDD1,121441,2,"Obesity,T2D",0.1846,0.1936
PPFIA2,8499,2,"Obesity,T2D",0.1844,0.1879
RGS16,6004,2,"Obesity,T2D",0.1844,0.1975
MFAP3,4238,2,"Obesity,T2D",0.1843,0.239
ICE2,79664,2,"Obesity,T2D",0.1833,0.2227
MINAR2,100127206,2,"Obesity,PCOS",0.1824,0.2593
RAB11B,9230,2,"NAFLD,T2D",0.1814,0.2124
KAZN,23254,2,"PCOS,T2D",0.18,0.197
SLC2A4,6517,2,"PCOS,T2D",0.1798,0.2518
ZDHHC18,84243,2,"NAFLD,T2D",0.1795,0.1841
PRSS53,339105,2,"Obesity,T2D",0.1789,0.2511
CITED2,10370,2,"NAFLD,T2D",0.1785,0.1961
RUNX1T1,862,2,"Obesity,T2D",0.178,0.1895
DOC2A,8448,2,"Obesity,T2D",0.176,0.2147
MAP3K19,80122,2,"Obesity,T2D",0.1757,0.2229
DCAF12,25853,2,"Obesity,T2D",0.1753,0.2473
SCG3,29106,2,"Obesity,T2D",0.1737,0.1843
LMTK1,9625,2,"Obesity,T2D",0.1736,0.221
HP,3240,2,"PCOS,T2D",0.1718,0.2413
AVL9,23080,2,"Obesity,T2D",0.1704,0.1838
FAM114A2,10827,2,"Obesity,T2D",0.1695,0.1722
APOC4,346,2,"Obesity,T2D",0.1692,0.189
MSL2,55167,2,"NAFLD,T2D",0.1681,0.2353
C16orf78,123970,2,"Obesity,T2D",0.1679,0.215
TSEN2,80746,2,"NAFLD,T2D",0.1668,0.2284
PKDCC,91461,2,"Obesity,T2D",0.166,0.1733
CYP17A1,1586,2,"PCOS,T2D",0.1648,0.2248
INHBA,3624,2,"Obesity,T2D",0.1642,0.2282
NDUFAF6,137682,2,"Obesity,T2D",0.1635,0.2207
THAP3,90326,2,"Obesity,T2D",0.1633,0.176
MANBA,4126,2,"Obesity,T2D",0.1631,0.2046
SNX8,29886,2,"Obesity,T2D",0.1625,0.2212
OTOL1,131149,2,"Obesity,T2D",0.1618,0.1665
NEDD9,4739,2,"NAFLD,T2D",0.1613,0.1622
STX19,415117,2,"Obesity,T2D",0.1611,0.2138
MTCH2,23788,2,"NAFLD,Obesity",0.1608,0.206
MNS1,55329,2,"Obesity,T2D",0.1604,0.2194
CNTLN,54875,2,"NAFLD,T2D",0.1601,0.1601
KCND3,3752,2,"Obesity,T2D",0.1601,0.1768
SLC9C2,284525,2,"NAFLD,T2D",0.1562,0.1566
CNTF,1270,2,"Obesity,T2D",0.1545,0.2082
BRD4,23476,2,"Obesity,T2D",0.1542,0.1937
IFNGR1,3459,2,"Obesity,T2D",0.1518,0.2018
CCR2,729230,2,"NAFLD,T2D",0.1503,0.1825
SYT13,57586,2,"Obesity,T2D",0.1502,0.1628
SETD2,29072,2,"Obesity,T2D",0.1489,0.1769
PLA2G6,8398,2,"Obesity,T2D",0.1482,0.1871
PDZRN3,23024,2,"Obesity,T2D",0.148,0.1545
CCR5,1234,2,"NAFLD,Obesity",0.1473,0.1856
ANKRD28,23243,2,"Obesity,T2D",0.1457,0.148
MSR1,4481,2,"Obesity,T2D",0.1457,0.185
UBE2D3,7323,2,"Obesity,T2D",0.1453,0.1745
ARL13B,200894,2,"Obesity,T2D",0.1407,0.1804
TINAG,27283,2,"NAFLD,T2D",0.138,0.138
PTER,9317,2,"Obesity,T2D",0.1369,0.1683
FOXF1,2294,2,"Obesity,T2D",0.1361,0.1571
TIMP3,7078,2,"Obesity,T2D",0.1361,0.1395
PRSS3,5646,2,"Obesity,T2D",0.1348,0.1611
PDXDC1,23042,2,"Obesity,T2D",0.1334,0.1355
FGF1,2246,2,"NAFLD,T2D",0.1329,0.1365
EP300,2033,2,"Obesity,T2D",0.1323,0.1442
KCTD13,253980,2,"Obesity,T2D",0.1314,0.1478
HSD11B1,3290,2,"Obesity,T2D",0.1311,0.1358
SLC35E2B,728661,2,"Obesity,T2D",0.1298,0.132
CLOCK,9575,2,"Obesity,T2D",0.1293,0.1394
EGR1,1958,2,"Obesity,T2D",0.1285,0.1454
AMH,268,2,"Obesity,PCOS",0.1283,0.1327
GNAT2,2780,2,"NAFLD,Obesity",0.1279,0.1382
CD34,947,2,"Obesity,T2D",0.1275,0.1542
C1orf105,92346,2,"Obesity,T2D",0.1269,0.1316
S100PBP,64766,2,"Obesity,T2D",0.1269,0.1381
ADK,132,2,"Obesity,T2D",0.1259,0.1361
GSTM1,2944,2,"NAFLD,T2D",0.1243,0.1339
NOS3,4846,2,"Obesity,T2D",0.124,0.1243
NFE2L2,4780,2,"NAFLD,T2D",0.1236,0.1361
TMEM170B,100113407,2,"NAFLD,T2D",0.1236,0.1236
EPO,2056,2,"Obesity,T2D",0.1216,0.1327
AHSG,197,2,"NAFLD,T2D",0.1206,0.1268
CELSR3,1951,2,"Obesity,T2D",0.1196,0.1236
MSTN,2660,2,"Obesity,PCOS",0.1178,0.1322
MAPK8,5599,2,"Obesity,T2D",0.1177,0.1289
MIF,4282,2,"NAFLD,Obesity",0.1166,0.1268
CASP1,834,2,"NAFLD,T2D",0.1161,0.1254
EPAS1,2034,2,"NAFLD,Obesity",0.1161,0.1211
UCP1,7350,2,"Obesity,T2D",0.1154,0.1264
PLOD1,5351,2,"Obesity,PCOS",0.1148,0.1202
PRKAA1,5562,2,"NAFLD,Obesity",0.1145,0.1153
TNFRSF11B,4982,2,"NAFLD,Obesity",0.1144,0.1259
EIPR1,7260,2,"Obesity,PCOS",0.114,0.1218
NPPB,4879,2,"Obesity,T2D",0.114,0.1154
PTPN2,5771,2,"PCOS,T2D",0.114,0.123
BCL2L14,79370,2,"NAFLD,T2D",0.1137,0.1137
ACOX1,51,2,"NAFLD,Obesity",0.1135,0.1177
APLN,8862,2,"Obesity,T2D",0.113,0.1136
HAMP,57817,2,"NAFLD,T2D",0.1124,0.1192
PLA2G7,7941,2,"NAFLD,T2D",0.1122,0.1209
NFKB1,4790,2,"PCOS,T2D",0.1118,0.1181
FGF23,8074,2,"Obesity,T2D",0.1116,0.1231
GSK3B,2932,2,"Obesity,T2D",0.1116,0.1201
ALB,213,2,"NAFLD,T2D",0.111,0.112
ACE2,59272,2,"Obesity,T2D",0.1108,0.1137
IKBKB,3551,2,"Obesity,T2D",0.1107,0.1128
NUDT1,4521,2,"Obesity,T2D",0.1107,0.1142
ACVR2B,93,2,"Obesity,T2D",0.1104,0.1136
SIRT2,22933,2,"NAFLD,T2D",0.1104,0.1182
PDCD1,5133,2,"NAFLD,Obesity",0.1102,0.1109
SUGP1,57794,2,"NAFLD,T2D",0.1101,0.1201
TRPV1,7442,2,"Obesity,T2D",0.1098,0.1178
RHBDF2,79651,2,"NAFLD,Obesity",0.1096,0.1186
VEGFB,7423,2,"NAFLD,T2D",0.1094,0.1107
HMOX1,3162,2,"NAFLD,T2D",0.1081,0.1094
AKT1,207,2,"NAFLD,PCOS",0.1077,0.114
CD40LG,959,2,"NAFLD,Obesity",0.1077,0.1081
MALAT1,378938,2,"PCOS,T2D",0.1077,0.1094
PLAT,5327,2,"Obesity,T2D",0.1074,0.1083
RPS26,6231,2,"PCOS,T2D",0.1074,0.1102
IL33,90865,2,"Obesity,T2D",0.1069,0.1107
MPO,4353,2,"NAFLD,Obesity",0.1065,0.1104
JUN,3725,2,"NAFLD,Obesity",0.1064,0.11
TLR9,54106,2,"Obesity,T2D",0.1057,0.1096
CD14,929,2,"Obesity,T2D",0.1056,0.1092
AGT,183,2,"NAFLD,T2D",0.1041,0.1069
CTSD,1509,2,"NAFLD,T2D",0.104,0.1058
SPARC,6678,2,"NAFLD,Obesity",0.1035,0.1045
CA5A,763,2,"Obesity,T2D",0.1028,0.1053
CXCL8,3576,2,"NAFLD,T2D",0.1027,0.1041
STUB1,10273,2,"Obesity,T2D",0.1023,0.1028
LGALS1,3956,2,"Obesity,T2D",0.1019,0.1029
S100A9,6280,2,"NAFLD,Obesity",0.1013,0.102
